Trip_distance,Dropoff_longitude,Fare_amount,Tolls_amount,lpep_pickup_datetime
4.383333333333334,-73.93725727222585,15.629629629629632,-1.249000902703301e-16,2016-06-02 01:19:42
2.1895890410958905,-73.92853410276649,11.561643835616438,-1.8041124150158796e-16,2016-06-02 17:07:23
4.0988235294117645,-73.9414773080863,17.69607843137255,0.10862745098039216,2016-06-02 09:37:11
1.1594354838709686,-73.93344522291612,6.9677419354838666,-2.7755575615628914e-16,2016-06-02 21:24:05
7.276,-73.9358570098877,28.55,1.1079999999999997,2016-06-02 13:30:44
1.4333333333333331,-73.8350118001302,6.666666666666668,0.0,2016-06-02 19:28:29
0.8807999999999996,-73.93965555826823,5.820000000000007,-1.9428902930940242e-16,2016-06-02 07:45:58
3.608714285714286,-73.9357689993722,13.978571428571431,-1.8041124150158796e-16,2016-06-02 23:00:46
1.1046218487394968,-73.9366314030495,6.428571428571421,-2.6367796834847473e-16,2016-06-02 19:41:57
5.9433333333333325,-73.89967091878255,19.5,0.0,2016-06-02 07:20:31
5.574285714285715,-73.95399075462704,21.869047619047624,0.9233333333333342,2016-06-02 11:32:22
10.138,-73.91524709065756,30.33333333333333,0.3693333333333333,2016-06-02 05:23:31
1.4182795698924733,-73.93474792152324,7.860215053763445,0.027311827956989013,2016-06-02 14:52:53
3.6353703703703695,-73.94600861160843,17.842592592592588,0.14962962962962964,2016-06-02 18:18:53
1.0194666666666663,-73.93845214843748,6.480000000000006,-1.9428902930940242e-16,2016-06-02 15:44:59
2.052,-73.9125259399414,9.5,0.0,2016-06-02 10:39:57
2.0597619047619045,-73.90768795921689,9.119047619047619,0.1319047619047619,2016-06-02 03:22:26
0.9525609756097556,-73.93634982225372,6.404878048780493,-2.0816681711721683e-16,2016-06-02 08:42:37
1.2929577464788735,-73.93462275115537,6.352112676056343,-1.8041124150158796e-16,2016-06-02 00:16:23
0.8879999999999999,-73.94971771240235,6.0,0.0,2016-06-02 00:34:03
1.2992553191489364,-73.93398698847345,6.664893617021281,0.1178723404255319,2016-06-02 20:42:26
2.13,-73.93947219848633,12.75,0.0,2016-06-02 13:13:52
1.023728813559322,-73.93531075170485,6.491525423728815,-1.52655665885959e-16,2016-06-02 12:51:12
1.0998823529411763,-73.93262104707604,6.34705882352942,0.06517647058823531,2016-06-02 10:27:47
1.350686274509804,-73.93023023418351,7.200980392156869,-2.498001805406602e-16,2016-06-02 22:13:09
6.756857142857143,-73.94368373325892,24.342857142857145,0.3165714285714284,2016-06-02 23:47:07
4.796875,-73.94368910789491,16.640625,0.34625,2016-06-02 06:27:41
5.33,-73.95372772216797,22.5,1.8466666666666665,2016-06-02 16:02:40
2.7697916666666664,-73.94038073221844,15.166666666666668,0.11541666666666668,2016-06-02 16:43:48
1.32,-73.97351837158203,7.5,0.0,2016-06-02 23:30:42
4.208918918918919,-73.92011054786477,14.662162162162163,0.0,2016-06-02 02:06:59
1.2566666666666666,-73.93416341145833,8.5,0.0,2016-06-02 16:18:31
0.8381553398058249,-73.94195815891895,5.490291262135916,-2.498001805406602e-16,2016-06-02 19:05:51
1.3693442622950818,-73.93770024033844,7.147540983606556,-1.52655665885959e-16,2016-06-02 12:12:14
1.100875,-73.94238624572753,6.797500000000004,-2.0816681711721683e-16,2016-06-02 10:58:23
2.368148148148148,-73.93445003179856,12.314814814814815,0.06839506172839492,2016-06-02 17:53:35
1.022467532467532,-73.93452691412591,6.435064935064941,-1.9428902930940242e-16,2016-06-02 09:23:49
8.334999999999999,-73.94281853569879,28.444444444444446,1.1988888888888896,2016-06-02 04:18:49
1.0852475247524764,-73.93729075818959,6.381188118811883,-2.498001805406602e-16,2016-06-02 16:28:47
0.75,-73.9779281616211,5.0,0.0,2016-06-02 10:30:06
1.0247191011235957,-73.93691322240936,6.815393258426975,-2.220446049250313e-16,2016-06-02 08:09:12
1.2,-73.93875052712181,6.7878787878787765,-2.7755575615628914e-16,2016-06-02 20:14:21
1.488591549295775,-73.94243084544867,7.683098591549295,0.07802816901408449,2016-06-02 07:12:53
0.7702173913043477,-73.9348028431768,5.92391304347826,-6.938893903907227e-17,2016-06-02 14:10:34
1.701743119266055,-73.91873224940868,7.655963302752303,-2.498001805406602e-16,2016-06-02 23:31:03
1.5383333333333336,-73.93559010823567,9.166666666666666,0.0,2016-06-02 18:57:48
1.1680645161290326,-73.93537156299878,6.080645161290325,-2.3592239273284576e-16,2016-06-02 22:41:32
2.12,-73.85983276367188,10.0,0.0,2016-06-02 04:07:45
4.3275000000000015,-73.94586277008057,18.625,1.3877787807814454e-17,2016-06-02 07:46:16
5.0463157894736845,-73.92601274189195,18.644736842105264,0.14578947368421055,2016-06-02 20:53:59
2.036935483870968,-73.93121239446825,8.895161290322578,-1.52655665885959e-16,2016-06-02 00:51:06
1.0073255813953497,-73.93442907998728,5.587209302325583,-2.220446049250313e-16,2016-06-02 21:37:01
1.8453164556962032,-73.92732963079139,9.981012658227844,-1.9428902930940242e-16,2016-06-02 17:41:49
1.3115555555555558,-73.91298607720269,6.855555555555551,-6.938893903907227e-17,2016-06-02 02:45:10
2.4667857142857144,-73.92834104810444,12.1875,-1.3877787807814454e-16,2016-06-02 13:14:25
4.074827586206896,-73.95532173945986,15.379310344827585,-1.3877787807814454e-16,2016-06-02 21:42:59
2.575,-73.93979358673096,11.4375,1.3877787807814454e-17,2016-06-02 20:58:11
1.9260759493670887,-73.9408303755748,10.670886075949367,-1.9428902930940242e-16,2016-06-02 15:14:53
3.5397142857142856,-73.93959633963449,15.871428571428574,0.1582857142857143,2016-06-02 14:27:14
2.1944285714285714,-73.9311525617327,10.521428571428574,0.07914285714285701,2016-06-02 19:17:45
5.3189361702127655,-73.95260116901805,22.127659574468087,0.11787234042553188,2016-06-02 08:43:44
2.4959036144578315,-73.93414196336127,12.807228915662654,-2.0816681711721683e-16,2016-06-02 15:59:56
4.3820930232558135,-73.94199051967888,18.244186046511622,0.3865116279069765,2016-06-02 10:06:05
3.3508823529411766,-73.95859594906078,14.573529411764708,0.16294117647058826,2016-06-02 11:26:07
1.6445833333333328,-73.93367830912274,8.491666666666674,0.1135,2016-06-02 18:40:10
1.8098113207547168,-73.92151066042342,8.952830188679245,-1.1102230246251563e-16,2016-06-02 01:46:37
2.8058823529411767,-73.91479312672335,10.676470588235297,2.7755575615628914e-17,2016-06-02 03:47:13
8.366129032258065,-73.93077358122795,33.016129032258064,0.5361290322580643,2016-06-02 12:07:42
0.9456565656565664,-73.93118347784484,6.045454545454544,-2.3592239273284576e-16,2016-06-02 18:21:28
3.3485074626865674,-73.9373056212468,14.059701492537314,-1.8041124150158796e-16,2016-06-02 19:55:58
2.48,-73.9577133178711,12.0,0.0,2016-06-02 20:33:34
5.355294117647058,-73.96562419218175,18.35294117647059,0.3258823529411765,2016-06-02 06:07:55
5.166,-73.89168243408203,20.8,0.0,2016-06-02 15:27:04
1.0470129870129872,-73.93375644436132,6.590909090909097,-1.9428902930940242e-16,2016-06-02 08:29:26
4.1027272727272734,-73.95215034484862,15.352272727272727,0.12590909090909094,2016-06-02 00:24:01
1.41536231884058,-73.94167482680169,8.456521739130432,-1.8041124150158796e-16,2016-06-02 17:23:55
2.0125490196078437,-73.92752090154909,10.029411764705884,-1.1102230246251563e-16,2016-06-02 13:45:04
1.1725,-73.95487594604492,7.25,0.0,2016-06-02 08:50:52
1.0444615384615383,-73.93028634878307,6.438461538461543,0.039076923076922926,2016-06-02 12:28:49
1.6136800000000002,-73.93436102294922,7.535999999999995,-2.7755575615628914e-16,2016-06-02 23:39:46
0.9439726027397256,-73.93666170721185,5.958904109589048,-1.8041124150158796e-16,2016-06-02 11:20:59
1.5266666666666666,-73.88389841715495,8.833333333333334,0.0,2016-06-02 13:52:30
1.6053921568627447,-73.94183716119505,8.303921568627459,0.05431372549019595,2016-06-02 10:42:11
1.2725974025974025,-73.93558115773386,6.918181818181825,-1.9428902930940242e-16,2016-06-02 11:52:56
1.3551851851851848,-73.9312375386556,6.462962962962963,-1.249000902703301e-16,2016-06-02 06:58:27
0.9211111111111115,-73.93985409206816,5.902777777777784,0.1111111111111111,2016-06-02 09:59:07
4.817368421052631,-73.93738100821511,18.535087719298247,-1.3877787807814454e-16,2016-06-02 20:23:11
1.52,-73.95464324951173,8.0,0.0,2016-06-02 14:14:43
1.9666666666666668,-73.85217030843098,9.333333333333334,0.0,2016-06-02 23:13:53
2.32,-73.96175384521484,15.5,0.0,2016-06-02 08:44:15
1.17264367816092,-73.9376404860924,7.27011494252874,-2.220446049250313e-16,2016-06-02 22:31:15
11.989,-73.86046981811523,34.85,0.5539999999999999,2016-06-02 04:43:24
5.003142857142857,-73.93607025146484,19.1,0.31657142857142834,2016-06-02 07:21:36
8.0952,-73.9395849609375,31.320000000000004,1.1348000000000005,2016-06-02 18:45:35
2.8513235294117645,-73.94936090357163,12.963235294117649,0.2817647058823526,2016-06-02 09:01:45
10.304666666666668,-73.9314208984375,43.43333333333334,0.9079999999999996,2016-06-02 17:07:32
2.42,-73.99040222167969,14.5,0.0,2016-06-02 12:22:49
9.453157894736844,-73.90944711785569,41.842105263157904,1.3877787807814454e-17,2016-06-02 16:17:09
7.1979999999999995,-73.9234806060791,30.4,0.277,2016-06-02 15:20:32
1.5630399999999998,-73.93163806152344,7.48,-2.7755575615628914e-16,2016-06-02 22:54:07
1.4175000000000002,-73.93786702837262,8.750000000000004,0.19785714285714287,2016-06-02 05:56:35
9.07,-73.91378402709961,29.0,2.77,2016-06-02 05:56:43
2.0394949494949497,-73.94069062820589,9.439393939393938,0.05595959595959577,2016-06-02 21:06:58
1.1271287128712877,-73.93288519830988,6.4702970297029685,-2.498001805406602e-16,2016-06-02 23:17:42
3.9479069767441866,-73.96163354918015,17.476744186046506,0.2576744186046511,2016-06-02 08:28:05
6.544615384615384,-73.9315100449782,31.000000000000004,0.6392307692307687,2016-06-02 17:48:24
5.387111111111111,-73.94492831759983,21.311111111111114,0.12311111111111113,2016-06-02 08:02:34
1.7353012048192766,-73.9360850690359,9.879518072289155,-2.0816681711721683e-16,2016-06-02 16:39:07
6.3450000000000015,-73.94997310638428,25.41666666666667,0.23083333333333336,2016-06-02 14:06:05
2.60448275862069,-73.93705653048109,11.93103448275862,-2.220446049250313e-16,2016-06-02 19:27:24
3.6829310344827584,-73.942843864704,17.25,0.09551724137931032,2016-06-02 18:47:33
2.803333333333333,-73.92103068033855,10.666666666666666,0.0,2016-06-02 02:29:01
1.2853030303030304,-73.92502270322858,6.5833333333333375,-1.8041124150158796e-16,2016-06-02 00:42:21
2.6375,-73.93358421325685,13.875,0.0,2016-06-02 18:20:29
19.12,-73.99335479736328,64.0,16.04,2016-06-02 04:19:09
9.910526315789474,-73.93527703536185,36.631578947368425,0.29157894736842105,2016-06-02 11:40:42
5.530681818181819,-73.9466386274858,22.73863636363637,0.3777272727272725,2016-06-02 09:11:14
2.873921568627451,-73.92905755136528,12.970588235294118,0.10862745098039207,2016-06-02 13:19:53
7.937333333333332,-73.94795532226563,35.099999999999994,0.3693333333333332,2016-06-02 10:41:36
4.769111111111112,-73.91874254014758,16.54444444444444,-6.938893903907227e-17,2016-06-02 01:05:30
2.88,-73.91676076253255,11.297619047619053,0.13190476190476186,2016-06-02 04:01:37
3.8113461538461535,-73.93815128619855,15.31730769230769,0.6392307692307694,2016-06-02 11:10:30
0.9797590361445794,-73.93757133024285,6.7542168674698875,-2.0816681711721683e-16,2016-06-02 15:29:20
3.7630555555555554,-73.94282616509332,19.527777777777768,0.1538888888888889,2016-06-02 14:56:42
6.821153846153847,-73.95548952542819,25.461538461538463,0.2130769230769231,2016-06-02 21:48:26
1.7048837209302319,-73.92340265318406,7.651162790697671,-5.551115123125783e-17,2016-06-02 02:23:26
0.9291139240506329,-73.94201100023487,6.037974683544313,-1.9428902930940242e-16,2016-06-02 14:22:14
1.22448275862069,-73.92964426676433,7.862068965517245,-2.220446049250313e-16,2016-06-02 13:07:32
1.1736607142857138,-73.93772281919208,6.276785714285711,-2.6367796834847473e-16,2016-06-02 20:59:20
3.4244155844155846,-73.94432236312272,13.298701298701301,-1.9428902930940242e-16,2016-06-02 22:18:12
2.0444186046511628,-73.91431710886401,8.948837209302326,-5.551115123125783e-17,2016-06-02 03:00:11
3.138260869565217,-73.94020567078522,12.920289855072465,0.1605797101449274,2016-06-02 21:25:55
1.0284090909090915,-73.93825513666326,6.397727272727279,-2.220446049250313e-16,2016-06-02 15:04:36
5.355576923076924,-73.95164592449481,21.22115384615385,0.10653846153846144,2016-06-02 19:39:24
2.4102857142857146,-73.93014428274972,10.25,0.1582857142857142,2016-06-02 21:54:56
1.105342465753424,-73.93243669483759,6.18493150684932,-1.8041124150158796e-16,2016-06-02 12:46:08
7.12875,-73.9616322517395,32.96875,1.0025,2016-06-02 12:37:08
0.899425287356322,-73.93769169949938,6.189655172413797,-2.220446049250313e-16,2016-06-02 18:09:15
9.311,-73.89132881164552,27.975,0.2769999999999997,2016-06-02 04:54:20
1.9770967741935483,-73.93030117404076,9.85483870967742,0.04096774193548372,2016-06-02 16:14:08
0.8638461538461544,-73.94062201531379,7.008791208791214,-2.220446049250313e-16,2016-06-02 08:01:12
2.79,-73.92760658264159,13.625,0.0,2016-06-02 17:17:28
2.2684375,-73.92754507064821,12.34375,-1.6653345369377348e-16,2016-06-02 16:52:35
3.985,-73.98617935180664,16.5,0.0,2016-06-02 22:17:36
1.3611111111111107,-73.93518497967959,6.782828282828287,-2.3592239273284576e-16,2016-06-02 23:53:22
9.714,-73.93712921142578,40.45,1.3877787807814454e-17,2016-06-02 10:08:20
1.48,-73.91014289855956,8.75,0.0,2016-06-02 11:59:23
53.24,-73.88147735595702,260.0,0.0,2016-06-02 13:59:26
2.91962962962963,-73.94144397311742,13.018518518518519,-1.249000902703301e-16,2016-06-02 13:59:57
3.159344262295082,-73.94039204081551,13.983606557377053,0.18163934426229503,2016-06-02 11:58:03
1.212222222222222,-73.93295476466051,7.901234567901237,-2.0816681711721683e-16,2016-06-02 13:38:55
5.182884615384617,-73.93434583223781,20.27884615384616,-1.1102230246251563e-16,2016-06-02 20:14:24
15.615333333333332,-73.87869262695312,53.968,3.682666666666668,2016-06-02 18:24:44
8.564166666666667,-73.93561808268228,30.8125,2.7755575615628914e-17,2016-06-02 23:14:14
7.6,-73.86154747009276,23.125,1.3849999999999998,2016-06-02 14:15:51
1.129425287356322,-73.93428521868827,6.408045977011503,-2.220446049250313e-16,2016-06-02 09:39:58
3.9122727272727267,-73.94512783397326,20.352272727272727,0.12590909090909094,2016-06-02 17:38:39
3.8966666666666665,-73.86716969807942,16.0,1.8466666666666665,2016-06-02 08:14:16
1.9603389830508475,-73.94180246126855,9.627118644067796,0.043050847457627016,2016-06-02 11:38:56
2.498,-73.92796478271484,13.1,0.0,2016-06-02 15:03:33
4.6396428571428565,-73.92767633710591,21.303571428571427,0.2857142857142855,2016-06-02 14:35:56
1.0145535714285725,-73.94480330603463,6.2812499999999964,-2.6367796834847473e-16,2016-06-02 19:49:46
3.7939999999999996,-73.94337102716621,18.481818181818184,0.19309090909090898,2016-06-02 16:09:30
1.3196703296703294,-73.92186778980297,6.675824175824182,-2.220446049250313e-16,2016-06-02 21:40:14
1.9702173913043481,-73.92971611022948,9.880434782608694,-2.220446049250313e-16,2016-06-02 19:08:33
1.1605633802816897,-73.92348308294592,6.6239436619718335,-1.8041124150158796e-16,2016-06-02 00:08:52
1.0426241134751788,-73.9429222810353,6.255319148936156,-2.6367796834847473e-16,2016-06-02 18:49:58
6.873235294117648,-73.94817083022174,25.25000000000001,0.8147058823529413,2016-06-02 07:30:20
2.2025,-73.93696626027425,10.868055555555555,0.2308333333333331,2016-06-02 08:17:55
2.5982926829268296,-73.93748092651367,12.835365853658535,-2.0816681711721683e-16,2016-06-02 15:52:52
2.4327272727272726,-73.92987615411931,11.563636363636364,-1.249000902703301e-16,2016-06-02 11:07:15
2.7396551724137934,-73.91601062643117,10.568965517241383,0.1910344827586207,2016-06-02 04:46:34
6.570571428571428,-73.96960100446428,28.614285714285717,0.7914285714285723,2016-06-02 09:31:33
2.715,-73.85221481323242,11.0,0.0,2016-06-02 20:09:03
5.252040816326531,-73.94655033033722,20.285714285714292,0.16326530612244894,2016-06-02 20:38:22
5.866086956521738,-73.92452372675356,19.97826086956521,0.2408695652173913,2016-06-02 01:32:31
1.3909183673469387,-73.93562620513295,7.4897959183673555,-2.3592239273284576e-16,2016-06-02 09:34:45
1.5527848101265824,-73.93858192540422,8.316455696202532,0.07012658227848104,2016-06-02 07:34:42
2.5568354430379747,-73.92802313309681,11.335443037974686,0.1724050632911392,2016-06-02 20:19:44
5.5397435897435905,-73.94430815867888,26.43589743589744,0.14205128205128206,2016-06-02 17:01:40
2.8962745098039218,-73.92889479094859,13.294117647058822,0.10862745098039203,2016-06-02 12:14:35
0.8447999999999996,-73.94394241333008,5.89,-9.714451465470121e-17,2016-06-02 08:52:56
4.284,-73.98236846923828,18.4,2.5,2016-06-02 06:43:53
4.5753191489361695,-73.94592106595952,21.87234042553192,0.2357446808510637,2016-06-02 18:21:46
3.995,-73.93509292602539,19.0,0.0,2016-06-02 09:04:29
1.1857142857142855,-73.94043731689453,6.785714285714284,-9.714451465470121e-17,2016-06-02 06:43:13
6.341818181818183,-73.96700703014027,26.87878787878788,0.5036363636363632,2016-06-02 09:48:09
6.979722222222224,-73.92463641696507,24.62500000000001,0.30777777777777765,2016-06-02 22:29:37
13.671428571428569,-73.86511284964425,47.42857142857145,1.9785714285714289,2016-06-02 15:37:41
20.9,-74.01209259033203,133.5,0.0,2016-06-02 12:12:21
7.3852941176470575,-73.94453519933364,30.64705882352941,1.303529411764706,2016-06-02 15:39:08
15.70625,-74.03767871856691,75.4375,4.04125,2016-06-02 08:16:02
2.6375,-73.90117645263672,14.125,0.0,2016-06-02 17:11:42
8.541363636363636,-73.9544677734375,34.47727272727273,1.2590909090909093,2016-06-02 13:14:12
2.03,-73.93182544318995,9.459183673469392,-9.714451465470121e-17,2016-06-02 10:15:35
0.825,-73.84421920776367,14.25,0.0,2016-06-02 22:33:44
2.0515714285714286,-73.93219571794782,11.007142857142858,-1.8041124150158796e-16,2016-06-02 17:36:23
9.23,-73.934138211337,35.52272727272728,0.5036363636363634,2016-06-02 13:37:30
3.9978,-73.91963745117188,13.890000000000002,-9.714451465470121e-17,2016-06-02 03:38:14
11.18,-73.87811140580611,43.22727272727273,1.0072727272727269,2016-06-02 19:01:35
7.762,-73.89193725585939,42.7,2.1,2016-06-02 22:12:00
3.131730769230769,-73.94380804208609,15.240384615384615,0.10653846153846157,2016-06-02 09:05:26
2.3835802469135805,-73.94891366840879,10.5,-2.0816681711721683e-16,2016-06-02 21:59:24
1.3639726027397263,-73.92941702228704,6.873287671232866,0.037945205479451766,2016-06-02 21:48:44
9.467777777777778,-73.94702996148004,36.22222222222222,1.3877787807814454e-17,2016-06-02 21:00:04
3.563333333333333,-73.94078572591145,13.333333333333336,0.0,2016-06-02 01:27:57
4.00054054054054,-73.95199461241027,20.094594594594593,0.14972972972972975,2016-06-02 16:19:28
7.372962962962962,-73.93558530454283,27.129629629629637,0.20518518518518505,2016-06-02 07:41:37
2.474,-73.95879211425782,11.8,0.0,2016-06-02 09:39:19
1.0798507462686562,-73.93706466902547,6.1417910447761255,-1.8041124150158796e-16,2016-06-02 09:53:28
2.9865384615384616,-73.93445719205418,13.250000000000002,0.3196153846153842,2016-06-02 10:00:41
1.3129629629629629,-73.93817689683702,6.462962962962963,-1.249000902703301e-16,2016-06-02 01:59:45
1.1724210526315793,-73.94159690455386,6.936842105263161,-2.3592239273284576e-16,2016-06-02 16:08:06
7.883333333333333,-73.99351501464844,36.16666666666667,1.0693333333333328,2016-06-02 11:20:44
1.1360975609756094,-73.93223441519389,6.658536585365858,-2.0816681711721683e-16,2016-06-02 13:27:25
14.2,-73.94635009765625,25.0,0.0,2016-06-02 15:03:18
3.7452380952380953,-73.93217177618118,17.0952380952381,0.39571428571428535,2016-06-02 12:22:47
1.932876712328767,-73.92913410761584,10.328767123287673,-1.8041124150158796e-16,2016-06-02 17:28:23
9.221111111111114,-73.94379848904079,39.83333333333333,0.6155555555555553,2016-06-02 07:58:51
14.51,-73.98751831054688,47.5,1.3849999999999996,2016-06-02 23:53:49
0.98608,-73.9367125854492,5.8559999999999865,-2.7755575615628914e-16,2016-06-02 20:05:49
7.894285714285715,-73.96510460263207,31.095238095238106,1.0295238095238095,2016-06-02 11:04:08
1.813214285714286,-73.93724196297781,7.8571428571428585,0.19785714285714287,2016-06-02 05:14:54
2.2672340425531914,-73.93146936944191,11.244680851063832,-8.326672684688674e-17,2016-06-02 14:38:43
4.6028125000000015,-73.93978929519653,21.96875,0.17312500000000006,2016-06-02 15:32:37
1.8752459016393441,-73.93461246177799,9.926229508196721,-1.52655665885959e-16,2016-06-02 15:29:50
7.6225,-73.92221260070802,34.75,2.7755575615628914e-17,2016-06-02 16:36:29
1.0367415730337082,-73.93194202894577,7.031460674157312,-2.220446049250313e-16,2016-06-02 10:53:15
1.1672463768115942,-73.92934683094853,6.615942028985512,-1.8041124150158796e-16,2016-06-02 01:02:50
0.77,-73.94888496398927,4.875,0.0,2016-06-02 21:40:14
6.871874999999998,-73.95681381225586,22.34375,1.0387499999999996,2016-06-02 05:51:50
0.8315942028985512,-73.94046628647956,7.862318840579711,-1.8041124150158796e-16,2016-06-02 16:50:44
10.507857142857144,-73.94686344691685,37.785714285714285,1.4878571428571423,2016-06-02 19:42:55
4.060327868852458,-73.94708889820538,16.827868852459016,0.18163934426229486,2016-06-02 19:28:05
1.7385263157894737,-73.933154296875,9.257894736842102,-2.3592239273284576e-16,2016-06-02 18:33:41
4.74219512195122,-73.93399587491662,22.07317073170732,0.1351219512195122,2016-06-02 15:12:55
2.08,-73.89397048950195,10.0,0.0,2016-06-02 04:21:57
3.1279012345679016,-73.92460971408421,12.728395061728394,-2.0816681711721683e-16,2016-06-02 21:19:30
3.373125,-73.95421441396076,16.1875,-8.326672684688674e-17,2016-06-02 08:41:46
0.8753913043478256,-73.9309279732082,5.782608695652168,-2.6367796834847473e-16,2016-06-02 18:32:24
1.4766666666666668,-73.95470937093098,10.166666666666666,0.0,2016-06-02 12:24:16
11.2855,-73.95553321838379,36.37500000000001,0.5539999999999997,2016-06-02 06:49:06
2.0766216216216216,-73.92784675391945,10.648648648648653,0.1497297297297297,2016-06-02 14:27:47
11.169999999999998,-73.9249565818093,37.29545454545456,0.5036363636363633,2016-06-02 20:14:36
2.4,-73.96168899536133,10.75,0.0,2016-06-02 11:22:07
10.344444444444443,-73.94691382514105,40.16666666666666,1.2311111111111106,2016-06-02 21:57:07
2.397450980392157,-73.93968858905869,11.068627450980392,0.15764705882352928,2016-06-02 19:34:42
9.39857142857143,-73.96409606933594,42.00000000000001,1.5828571428571423,2016-06-02 12:49:16
1.0607500000000003,-73.94057655334474,6.9162500000000025,-2.0816681711721683e-16,2016-06-02 14:00:17
0.9490909090909084,-73.94296847256747,5.345454545454548,-1.249000902703301e-16,2016-06-02 09:19:20
0.8903409090909089,-73.93458799882369,5.982954545454548,-2.220446049250313e-16,2016-06-02 17:03:41
1.5210958904109593,-73.94333847254924,8.260273972602741,-1.8041124150158796e-16,2016-06-02 08:58:53
3.6854761904761904,-73.94872374761673,18.845238095238095,0.1319047619047619,2016-06-02 17:58:00
0.8634444444444442,-73.93956002129448,5.855555555555558,-2.220446049250313e-16,2016-06-02 19:55:39
9.291578947368423,-73.90059621710526,28.47368421052632,0.2915789473684209,2016-06-02 05:32:20
8.174705882352944,-73.96056231330421,34.94117647058825,0.3258823529411764,2016-06-02 09:58:42
13.03,-73.99100494384766,42.0,0.0,2016-06-02 17:23:26
1.2139534883720935,-73.93482001252876,7.534108527131777,-2.7755575615628914e-16,2016-06-02 17:50:31
2.927752808988764,-73.93685304448844,11.797752808988767,0.06224719101123589,2016-06-02 22:48:23
7.002972972972975,-73.9606846989812,25.081081081081084,0.1497297297297297,2016-06-02 22:52:45
1.178,-73.91950988769531,6.9,0.0,2016-06-02 15:52:37
2.310909090909091,-73.95040824196556,11.545454545454545,2.7755575615628914e-17,2016-06-02 21:00:24
1.5886486486486486,-73.9289499231287,7.3783783783783825,-1.8041124150158796e-16,2016-06-02 00:36:41
2.4203389830508475,-73.94230470818988,11.508474576271189,0.09389830508474578,2016-06-02 12:32:46
6.2572340425531925,-73.95530587054314,25.978723404255323,0.3838297872340425,2016-06-02 19:08:04
6.485384615384616,-73.93452893770656,26.82692307692308,2.7755575615628914e-17,2016-06-02 18:12:26
6.1808695652173915,-73.94715715491253,22.82608695652173,0.664782608695652,2016-06-02 22:20:43
2.658,-73.93822174072265,11.3,0.0,2016-06-02 23:34:02
5.04875,-73.9685459136963,21.625,0.27699999999999964,2016-06-02 10:38:59
1.1808181818181824,-73.93237429532138,6.731818181818182,-2.6367796834847473e-16,2016-06-02 20:50:42
6.46153846153846,-73.94593018751878,27.711538461538467,0.2130769230769231,2016-06-02 08:08:22
5.744516129032258,-73.93018168787802,22.564516129032263,0.7148387096774195,2016-06-02 13:19:59
22.35,-73.89851379394531,122.5,0.0,2016-06-02 17:11:36
8.052380952380952,-73.97642335437592,33.761904761904766,1.0552380952380953,2016-06-02 08:24:53
8.305454545454547,-73.89880648526278,27.5,1.0072727272727269,2016-06-02 22:50:59
2.995,-73.94494395785861,13.750000000000005,0.07694444444444447,2016-06-02 18:55:33
5.272857142857143,-73.94460896083287,20.85714285714285,0.5935714285714283,2016-06-02 12:38:10
8.901052631578947,-73.96124628970497,35.31578947368422,0.29157894736842105,2016-06-02 08:56:34
5.443714285714287,-73.94497440883092,19.428571428571427,0.4748571428571427,2016-06-02 06:55:51
0.9974074074074076,-73.94024629946108,6.999999999999999,-1.249000902703301e-16,2016-06-02 07:25:11
1.052307692307693,-73.93949376619777,5.961538461538456,-2.498001805406602e-16,2016-06-02 20:28:43
2.8106896551724136,-73.93573063817517,12.405172413793107,0.13931034482758622,2016-06-02 10:32:10
1.0674257425742577,-73.93602654485419,6.381188118811884,-2.498001805406602e-16,2016-06-02 23:23:34
1.0767567567567564,-73.9316259848105,7.520270270270275,-1.8041124150158796e-16,2016-06-02 14:14:10
4.694833333333333,-73.92501322428386,16.549999999999994,0.09233333333333336,2016-06-02 00:38:07
1.9217857142857144,-73.9292812347412,10.255952380952378,-2.0816681711721683e-16,2016-06-02 17:13:08
0.8978301886792464,-73.93373345429042,5.6650943396226365,-2.498001805406602e-16,2016-06-02 19:14:06
5.637142857142857,-73.96019573600924,20.52040816326531,0.22612244897959174,2016-06-02 21:34:19
10.61,-73.94745917069284,39.47368421052633,1.749473684210527,2016-06-02 14:16:16
2.1047115384615385,-73.92947402367227,9.73076923076923,0.07769230769230773,2016-06-02 21:00:14
14.17,-73.91113489324397,53.00000000000002,3.021818181818181,2016-06-02 17:12:45
5.366666666666666,-73.9693851047092,23.411111111111122,0.6155555555555557,2016-06-02 09:18:39
1.0479761904761908,-73.93524578639439,6.244047619047627,0.06595238095238089,2016-06-02 20:36:31
4.267142857142857,-73.94300264630999,16.49285714285714,0.15828571428571395,2016-06-02 22:02:22
6.092222222222222,-73.9332371464482,28.16666666666667,1.0088888888888887,2016-06-02 16:29:33
2.775,-73.85817337036133,10.75,0.0,2016-06-02 03:11:58
1.5763291139240505,-73.93700022637091,8.873417721518983,-1.9428902930940242e-16,2016-06-02 15:11:19
15.277272727272727,-73.88933771306817,54.1818181818182,1.5109090909090908,2016-06-02 17:54:33
2.9177142857142857,-73.90025220598494,11.114285714285717,0.1582857142857143,2016-06-02 04:14:09
6.120384615384616,-73.93158457829402,26.25000000000001,0.21307692307692308,2016-06-02 17:59:06
1.0326027397260276,-73.93352247264288,6.1849315068493205,-1.8041124150158796e-16,2016-06-02 11:09:09
1.8421666666666667,-73.92571093241374,7.391666666666667,-1.52655665885959e-16,2016-06-02 01:36:07
1.8266666666666669,-73.93131787849195,10.022727272727273,0.038484848484848434,2016-06-02 16:34:33
4.987368421052631,-73.9492476613898,24.789473684210524,1.3877787807814454e-17,2016-06-02 16:46:09
3.88890625,-73.93621408939363,15.4296875,0.08656249999999999,2016-06-02 20:08:03
1.426617647058824,-73.92683870652142,8.769117647058822,-1.8041124150158796e-16,2016-06-02 00:21:36
4.1946,-73.94132919311524,18.65,-9.714451465470121e-17,2016-06-02 18:40:53
3.402558139534884,-73.9419543244118,16.883720930232556,-5.551115123125783e-17,2016-06-02 15:36:05
1.3165040650406503,-73.92972639130383,7.752032520325205,-2.7755575615628914e-16,2016-06-02 18:03:03
0.8493181818181827,-73.93158860640092,5.386363636363637,-2.220446049250313e-16,2016-06-02 19:27:38
3.3930434782608696,-73.92077852332073,14.163043478260873,-6.938893903907227e-17,2016-06-02 12:54:36
1.0633962264150938,-73.93515187389445,6.344339622641506,-2.498001805406602e-16,2016-06-02 18:55:21
1.4714117647058824,-73.93550459917854,7.5411764705882405,0.16023529411764695,2016-06-02 10:08:55
3.8094117647058825,-73.94093786501415,18.019607843137255,0.32588235294117623,2016-06-02 17:35:01
8.435555555555556,-73.94931199815538,29.527777777777768,1.3877787807814454e-17,2016-06-02 00:46:41
1.1616666666666664,-73.94213467552548,8.005952380952388,-2.0816681711721683e-16,2016-06-02 09:30:35
5.720666666666666,-73.96509145100912,24.733333333333334,0.5539999999999997,2016-06-02 14:43:15
5.749354838709677,-73.92950267176474,25.645161290322584,0.3574193548387093,2016-06-02 17:18:43
1.76375,-73.9271264076233,10.225,0.17312500000000006,2016-06-02 06:06:58
0.71,-73.98822021484375,4.5,0.0,2016-06-02 07:53:01
5.69942857142857,-73.96341988699777,25.428571428571434,0.6331428571428571,2016-06-02 08:46:00
15.338,-73.94000549316404,59.2,1.616,2016-06-02 14:30:48
2.1845669291338585,-73.93274995097964,11.326771653543307,-2.7755575615628914e-16,2016-06-02 18:14:38
4.4022727272727264,-73.93736417365797,16.037878787878785,0.08393939393939395,2016-06-02 23:04:17
3.5358730158730163,-73.9353253803556,13.587301587301589,-1.6653345369377348e-16,2016-06-02 00:04:47
9.652307692307692,-73.99471165583684,43.269230769230774,2.028461538461539,2016-06-02 12:12:28
5.136666666666667,-73.94568812052408,25.15000000000001,0.18466666666666665,2016-06-02 15:59:33
1.9482926829268292,-73.91795944586033,8.268292682926827,-2.7755575615628914e-17,2016-06-02 04:30:45
1.14,-73.88361740112305,6.75,0.0,2016-06-02 18:05:28
5.56,-73.90631866455078,15.0,0.0,2016-06-02 09:52:23
1.2,-73.95923614501955,6.5,0.0,2016-06-02 02:39:04
1.3453636363636363,-73.92828702059658,7.877272727272737,-2.6367796834847473e-16,2016-06-02 23:48:47
4.3357446808510645,-73.94800080644323,19.319148936170212,0.2357446808510636,2016-06-02 08:18:13
0.0,-73.93712615966798,154.0,0.0,2016-06-02 09:40:40
5.631176470588236,-73.97207806157131,24.901960784313715,0.3258823529411763,2016-06-02 10:15:16
5.648536585365854,-73.95868850335842,22.81707317073171,1.080975609756098,2016-06-02 11:00:12
5.8246666666666655,-73.94210086398655,20.911111111111115,-6.938893903907227e-17,2016-06-02 23:30:23
8.063939393939393,-73.90935285163648,28.530303030303035,0.8393939393939394,2016-06-02 20:55:11
2.4194915254237293,-73.92648793883242,11.991525423728811,0.04305084745762706,2016-06-02 14:44:51
14.367499999999998,-73.9456558227539,54.25,0.0,2016-06-02 13:26:04
2.4459016393442625,-73.93328944972303,12.204918032786884,-1.52655665885959e-16,2016-06-02 17:02:14
5.5454716981132055,-73.93370315263856,20.000000000000007,0.3135849056603771,2016-06-02 00:06:42
6.7242105263157885,-73.94551548204925,26.03947368421053,0.14578947368421055,2016-06-02 11:55:38
14.11,-73.90059955303484,42.53846153846155,1.0476923076923077,2016-06-02 20:22:00
2.03,-74.0137939453125,8.5,0.0,2016-06-02 01:30:47
5.7313513513513525,-73.95007303598764,20.31081081081081,0.14972972972972975,2016-06-02 23:12:44
1.367236842105263,-73.9328747799522,8.17105263157895,-1.9428902930940242e-16,2016-06-02 14:58:44
3.4766666666666666,-73.93886184692383,13.083333333333336,0.0,2016-06-02 21:28:23
1.3667460317460325,-73.92822846912202,6.730158730158725,-2.7755575615628914e-16,2016-06-02 23:08:24
11.553846153846154,-73.93854170579176,39.269230769230774,0.8523076923076919,2016-06-02 07:39:06
1.6583333333333334,-73.95442326863606,11.083333333333336,0.0,2016-06-02 18:45:27
2.184313725490196,-73.92773138308056,10.019607843137257,-1.1102230246251563e-16,2016-06-02 03:12:45
1.151531531531531,-73.93203233598591,6.959459459459457,-2.6367796834847473e-16,2016-06-02 21:20:01
9.7325,-73.94150924682617,34.79166666666667,2.7755575615628914e-17,2016-06-02 21:40:31
3.7097777777777776,-73.94848361545141,14.3,0.36933333333333307,2016-06-02 06:45:10
4.8263333333333325,-73.94722544352213,20.0,2.7755575615628914e-17,2016-06-02 10:53:35
2.382093023255814,-73.93838802603787,9.651162790697676,-5.551115123125783e-17,2016-06-02 06:26:08
1.7266666666666668,-73.88378397623698,8.5,0.0,2016-06-02 10:16:55
4.308222222222222,-73.9343755086263,17.688888888888886,0.3026666666666663,2016-06-02 07:52:05
5.280526315789474,-73.9400002328973,22.85526315789474,0.2915789473684209,2016-06-02 13:42:02
3.7807142857142857,-73.9486578078497,16.51190476190476,0.1319047619047619,2016-06-02 07:39:10
8.26551724137931,-73.9354063889076,30.465517241379317,0.3820689655172412,2016-06-02 19:29:09
1.5368503937007876,-73.93333110659141,7.4546456692913345,-2.7755575615628914e-16,2016-06-02 22:25:42
15.565,-73.89599609375,76.75,0.0,2016-06-02 15:28:56
1.7482558139534883,-73.935605692309,9.48255813953488,-2.220446049250313e-16,2016-06-02 16:46:09
1.9933333333333327,-73.94631449381511,9.333333333333334,0.0,2016-06-02 00:07:50
4.1482926829268285,-73.94392004245665,17.756097560975608,0.2702439024390241,2016-06-02 14:07:13
3.3822641509433966,-73.93751439508402,15.358490566037734,0.3615094339622639,2016-06-02 11:51:09
2.01,-73.96989059448242,10.25,0.0,2016-06-02 20:22:10
0.7691666666666668,-73.93380501156761,8.113095238095237,-2.0816681711721683e-16,2016-06-02 15:50:41
2.986,-73.89905395507813,13.4,0.0,2016-06-02 14:31:55
17.57,-73.98047637939453,84.16666666666666,5.096666666666667,2016-06-02 00:46:13
8.451379310344826,-73.95034526956492,30.01724137931035,0.3820689655172412,2016-06-02 21:15:16
1.9276315789473688,-73.93419486597965,8.67105263157895,0.0,2016-06-02 06:13:06
1.0254444444444448,-73.93113657633464,7.583333333333341,0.028222222222222013,2016-06-02 14:45:33
10.189285714285717,-73.88483919416154,32.214285714285715,0.3957142857142856,2016-06-02 06:59:31
2.897068965517241,-73.94025618454506,13.767241379310349,0.09551724137931036,2016-06-02 15:31:57
1.6352564102564102,-73.92437235514323,9.269230769230765,-1.9428902930940242e-16,2016-06-02 17:19:01
13.7425,-73.94634819030763,55.375,0.0,2016-06-02 16:40:52
1.921842105263158,-73.94289006684957,9.763157894736839,-1.9428902930940242e-16,2016-06-02 07:51:40
0.8598863636363641,-73.94019170240922,6.823863636363641,-2.220446049250313e-16,2016-06-02 15:56:31
1.8321212121212125,-73.91445992209695,8.31818181818182,2.7755575615628914e-17,2016-06-02 02:32:51
0.9748611111111112,-73.9324828253852,5.937500000000004,-1.8041124150158796e-16,2016-06-02 08:56:59
13.865,-73.90523147583008,63.25,0.0,2016-06-02 18:45:06
1.2330666666666674,-73.93219594319662,6.793333333333335,-1.9428902930940242e-16,2016-06-02 12:59:04
3.625,-73.9473304748535,14.75,0.0,2016-06-02 06:33:43
0.9359999999999996,-73.93746560903695,6.869230769230764,-2.7755575615628914e-16,2016-06-02 18:59:52
1.0362765957446822,-73.92911902894366,7.267446808510642,-2.3592239273284576e-16,2016-06-02 17:29:07
4.396,-73.93851165771484,20.0,0.0,2016-06-02 16:48:38
6.943888888888888,-73.9185087415907,22.75,0.6155555555555552,2016-06-02 02:47:17
1.3058677685950415,-73.93155890850981,7.4669421487603245,-2.6367796834847473e-16,2016-06-02 23:03:30
12.757692307692306,-73.88573749248799,36.5,0.4261538461538458,2016-06-02 06:26:06
0.9473109243697486,-73.9359101367598,7.331932773109246,-2.6367796834847473e-16,2016-06-02 18:26:53
4.575,-73.98452758789062,16.25,0.0,2016-06-02 04:00:38
2.4306666666666668,-73.91027696397569,9.633333333333336,-6.938893903907227e-17,2016-06-02 03:30:35
9.483333333333333,-73.96639760335286,44.555555555555564,0.6155555555555553,2016-06-02 09:02:54
1.87,-73.91932868957521,10.125,0.0,2016-06-02 19:42:15
8.136666666666667,-73.89987436930339,49.5,0.0,2016-06-02 23:44:07
5.863170731707318,-73.95168341659918,21.89024390243902,-2.7755575615628914e-17,2016-06-02 20:46:08
2.5580281690140847,-73.95089270363391,12.443661971830986,0.15605633802816898,2016-06-02 08:36:25
4.990256410256411,-73.94206198667868,18.83333333333333,-1.3877787807814454e-17,2016-06-02 19:58:59
6.578965517241379,-73.95378218025995,23.75862068965517,0.19103448275862067,2016-06-02 23:40:11
0.972142857142857,-73.93628324781145,6.2410714285714235,-2.6367796834847473e-16,2016-06-02 15:21:56
1.0480000000000005,-73.9391098022461,6.194941176470593,-2.0816681711721683e-16,2016-06-02 08:24:42
3.9825,-73.9402951558431,17.441666666666666,0.27699999999999964,2016-06-02 18:36:11
1.34425,-73.91645412445068,6.924999999999996,-2.7755575615628914e-17,2016-06-02 02:14:48
2.6322,-73.93412368774412,11.96,-9.714451465470121e-17,2016-06-02 11:23:08
14.85,-73.99468231201173,54.5,0.0,2016-06-02 23:20:19
2.07,-73.9564437866211,8.0,0.0,2016-06-02 10:42:07
4.235714285714286,-73.95177786690849,17.619047619047613,0.6595238095238094,2016-06-02 09:51:15
2.4333333333333336,-73.93987528483073,10.0,0.0,2016-06-02 20:01:23
5.4700000000000015,-73.9180507659912,18.875,1.3849999999999998,2016-06-02 18:28:50
1.0368831168831176,-73.93348604672916,6.435064935064942,-1.9428902930940242e-16,2016-06-02 14:35:28
4.781315789473685,-73.91423255518863,16.539473684210527,0.14578947368421055,2016-06-02 01:51:14
1.7233333333333332,-73.91957600911458,10.5,0.0,2016-06-02 14:45:18
2.5,-73.91128540039062,10.0,0.0,2016-06-02 06:52:24
5.791176470588236,-73.89783253389245,18.647058823529417,0.9776470588235292,2016-06-02 04:49:37
5.37,-73.94627465142145,25.87037037037037,0.2051851851851852,2016-06-02 16:21:36
1.933333333333333,-73.93072001139323,9.666666666666666,0.0,2016-06-02 11:49:58
2.209710144927536,-73.93052772853686,10.449275362318843,-1.8041124150158796e-16,2016-06-02 08:07:53
4.277966101694915,-73.95250223450742,15.84745762711864,0.1369491525423727,2016-06-02 23:25:07
3.661509433962265,-73.95049473024764,16.103773584905657,0.3135849056603772,2016-06-02 11:44:14
5.255,-73.940252806011,21.802631578947373,0.2105263157894737,2016-06-02 13:55:25
1.1304878048780496,-73.92865715957271,5.85365853658537,-2.0816681711721683e-16,2016-06-02 23:36:29
8.738499999999998,-73.92533798217774,36.075,0.5539999999999998,2016-06-02 14:43:56
1.7579365079365081,-73.94577874077692,9.746031746031745,-1.6653345369377348e-16,2016-06-02 08:43:15
1.6235294117647057,-73.94235528684129,8.049019607843134,-1.1102230246251563e-16,2016-06-02 07:02:46
1.4800000000000002,-73.91110120500836,8.642857142857142,1.3877787807814454e-17,2016-06-02 15:30:18
1.1372881355932198,-73.9308419954979,6.7711864406779645,0.09389830508474574,2016-06-02 07:40:12
5.9984375,-73.9266040325165,22.484375,0.17312500000000006,2016-06-02 21:05:57
5.5216666666666665,-73.95001084463938,19.422619047619047,0.06595238095238086,2016-06-02 22:40:03
1.7666666666666666,-73.96760559082031,7.5,0.0,2016-06-02 00:45:14
2.1866666666666665,-73.94483820597331,9.0,0.9233333333333332,2016-06-02 21:20:09
2.7384,-73.95083567301431,13.246666666666668,0.07386666666666666,2016-06-02 19:02:58
1.0801204819277117,-73.92522742949336,6.4578313253012105,-2.0816681711721683e-16,2016-06-02 13:55:22
1.8408163265306128,-73.94222321802256,8.091836734693874,-9.714451465470121e-17,2016-06-02 01:19:13
2.4596969696969704,-73.92900813709606,11.492424242424246,0.1678787878787879,2016-06-02 09:18:30
3.276491228070176,-73.91506516306023,12.728070175438598,0.19438596491228044,2016-06-02 23:56:04
2.035,-73.89629554748534,10.625,0.0,2016-06-02 17:38:21
6.637500000000001,-73.94481682777405,28.25000000000001,0.8475000000000006,2016-06-02 15:02:58
11.094000000000001,-73.90616149902344,51.2,0.0,2016-06-02 14:49:54
8.49423076923077,-73.96575575608473,30.000000000000004,0.213076923076923,2016-06-02 23:52:34
8.955714285714286,-73.93883677891323,34.0,2.7755575615628914e-17,2016-06-02 21:30:11
1.14,-73.87320709228516,5.5,0.0,2016-06-02 21:29:41
2.8753658536585367,-73.92860273035559,12.402439024390244,-2.0816681711721683e-16,2016-06-02 19:44:35
1.0668421052631574,-73.93040958203767,6.8552631578947425,0.07289473684210529,2016-06-02 13:17:07
2.6304761904761897,-73.91836602347237,10.595238095238098,0.2499999999999997,2016-06-02 04:22:10
1.3270542635658926,-73.93576120775799,8.170542635658919,-2.7755575615628914e-16,2016-06-02 16:23:06
0.9848648648648656,-73.93804859470677,7.148648648648652,-1.8041124150158796e-16,2016-06-02 17:37:18
2.2505084745762707,-73.94657949673929,12.161016949152538,0.09389830508474578,2016-06-02 15:19:31
4.69,-73.94640718657395,17.103448275862068,-1.3877787807814454e-16,2016-06-02 22:28:30
1.186034482758621,-73.927897749276,7.0844827586206875,-2.6367796834847473e-16,2016-06-02 17:55:13
3.7991836734693867,-73.94186806192205,14.29591836734694,-9.714451465470121e-17,2016-06-02 00:19:03
1.1098648648648644,-73.93111790837469,6.5270270270270325,-1.8041124150158796e-16,2016-06-02 09:12:35
0.9955555555555556,-73.92948521508113,6.284722222222228,-1.8041124150158796e-16,2016-06-02 13:33:59
3.3645652173913043,-73.93564207657523,14.47826086956522,0.055217391304347864,2016-06-02 10:14:12
1.0589552238805968,-73.93906163457616,7.1940298507462686,-1.8041124150158796e-16,2016-06-02 11:45:14
1.069809523809524,-73.93055201939174,6.452380952380952,-2.498001805406602e-16,2016-06-02 19:30:46
7.578333333333332,-73.97879727681476,35.1875,1.1299999999999997,2016-06-02 09:40:28
5.938974358974358,-73.95049520639273,24.56410256410257,0.1420512820512821,2016-06-02 18:57:56
6.605294117647059,-73.96192483340992,28.617647058823522,2.7755575615628914e-17,2016-06-02 12:23:01
4.228085106382979,-73.93116046012716,16.51063829787234,0.11787234042553192,2016-06-02 12:08:05
7.195652173913042,-73.93653305717136,30.58695652173913,0.4817391304347823,2016-06-02 18:02:14
2.9469736842105263,-73.92425496954667,12.63815789473684,0.07289473684210525,2016-06-02 20:05:54
5.615000000000001,-73.93205036836513,19.88235294117647,2.7755575615628914e-17,2016-06-02 00:48:03
0.9889873417721526,-73.93348645560349,5.594936708860764,-1.9428902930940242e-16,2016-06-02 22:17:46
1.2851999999999997,-73.92777381896974,6.930000000000003,-2.3592239273284576e-16,2016-06-02 21:27:45
1.071517857142858,-73.93707023348126,6.308035714285709,-2.6367796834847473e-16,2016-06-02 19:09:05
2.403095238095238,-73.93701507931665,10.202380952380953,-2.0816681711721683e-16,2016-06-02 21:31:58
3.3941176470588235,-73.92658601648667,13.223529411764707,0.06517647058823511,2016-06-02 22:55:42
2.9220481927710846,-73.92857287303511,12.180722891566264,0.06674698795180725,2016-06-02 21:40:33
1.072671232876713,-73.9358362171748,6.519178082191767,-2.0816681711721683e-16,2016-06-02 20:01:12
4.0236585365853665,-73.9321998037943,18.3780487804878,0.2702439024390241,2016-06-02 14:17:10
5.57607142857143,-73.92493356977191,23.392857142857142,2.7755575615628914e-17,2016-06-02 13:11:36
14.21,-73.84576416015625,45.06250000000002,1.2187499999999998,2016-06-02 21:04:54
11.2,-73.8939208984375,65.5,0.0,2016-06-02 02:54:27
2.845,-73.93866475423177,12.833333333333336,0.0,2016-06-02 16:24:55
1.4412359550561795,-73.93047358480732,6.9943820224719175,-2.220446049250313e-16,2016-06-02 00:31:39
8.870000000000003,-73.95307922363281,35.875,0.0,2016-06-02 02:09:57
2.4738775510204083,-73.94423504264986,11.928571428571427,-9.714451465470121e-17,2016-06-02 08:52:03
10.999285714285712,-73.92660958426339,40.892857142857146,0.7914285714285709,2016-06-02 18:15:14
4.29235294117647,-73.94696897618911,17.110294117647058,0.11882352941176465,2016-06-02 19:47:34
6.80421052631579,-73.95184045088921,26.802631578947373,0.7465789473684218,2016-06-02 19:20:01
11.874999999999998,-73.86253929138185,49.18750000000002,1.3849999999999998,2016-06-02 16:00:16
2.555,-73.91243320041231,9.486111111111112,0.30777777777777765,2016-06-02 05:04:54
6.35,-73.92236328125,74.0,0.0,2016-06-02 17:28:41
1.0316000000000003,-73.93371337890625,5.754999999999997,0.025399999999999742,2016-06-02 21:11:34
11.027999999999999,-73.95985565185545,43.40000000000001,1.6039999999999996,2016-06-02 14:17:30
4.085,-73.96803474426271,15.375,0.0,2016-06-02 01:07:47
1.1695833333333332,-73.93544443448384,7.250000000000006,-2.3592239273284576e-16,2016-06-02 11:57:51
6.467777777777778,-73.93566173977321,25.19444444444445,0.30777777777777765,2016-06-02 19:49:39
0.9005714285714291,-73.94015731811524,5.692857142857148,-1.8041124150158796e-16,2016-06-02 11:27:46
1.9966666666666664,-73.90691630045573,11.333333333333336,0.0,2016-06-02 19:10:32
4.7114754098360665,-73.93548921678888,19.52459016393443,0.3632786885245899,2016-06-02 08:11:32
10.522105263157897,-73.94542975174753,33.026315789473685,1.6794736842105271,2016-06-02 00:26:45
16.37,-73.9415760040283,59.12499999999999,0.0,2016-06-02 09:45:55
8.147499999999999,-73.93380355834961,34.10416666666667,0.4616666666666665,2016-06-02 11:16:35
2.178068181818182,-73.94388250871138,11.647727272727275,-2.220446049250313e-16,2016-06-02 18:20:18
1.13,-73.87909698486328,7.0,0.0,2016-06-02 05:20:13
1.2035135135135135,-73.92726877573374,6.310810810810808,0.0,2016-06-02 01:31:26
1.644625,-73.93363466262818,8.162500000000001,-2.0816681711721683e-16,2016-06-02 22:05:52
1.6317567567567566,-73.92920189934806,8.297297297297295,-1.8041124150158796e-16,2016-06-02 12:22:58
0.7861333333333322,-73.94283833821615,5.653333333333341,-1.9428902930940242e-16,2016-06-02 08:19:36
1.1742857142857146,-73.93173412400849,7.882653061224498,-2.3592239273284576e-16,2016-06-02 18:12:15
5.753870967741936,-73.95156318910661,23.951612903225808,0.3574193548387096,2016-06-02 10:24:32
4.699310344827587,-73.94288082780508,21.58620689655172,0.1910344827586207,2016-06-02 17:13:07
3.628,-73.94393310546877,18.4,0.0,2016-06-02 09:30:24
1.739404761904762,-73.91928672790526,8.345238095238098,-2.0816681711721683e-16,2016-06-02 00:03:34
2.555,-73.9601058959961,14.0,0.0,2016-06-02 08:09:38
2.19,-73.94040985107422,10.3,0.0,2016-06-02 07:53:41
3.2335849056603774,-73.95175602750956,14.47169811320755,0.1045283018867924,2016-06-02 12:19:49
11.628181818181815,-73.93001833829013,42.59090909090909,1.6400000000000003,2016-06-02 07:17:49
3.2431884057971017,-73.93999691285948,13.442028985507248,0.2408695652173912,2016-06-02 20:48:01
2.8973770491803283,-73.92361762875416,11.254098360655739,0.0908196721311474,2016-06-02 02:02:28
3.7131578947368418,-73.9337751154314,15.491228070175438,0.2915789473684207,2016-06-02 12:37:59
1.2519791666666664,-73.9244814713796,6.432291666666671,-2.3592239273284576e-16,2016-06-02 22:35:12
2.14,-73.98160552978516,11.0,0.0,2016-06-02 15:19:39
3.830588235294118,-73.95080476648667,15.298039215686275,0.10862745098039207,2016-06-02 07:10:29
2.07,-73.9338405108211,10.338383838383834,-2.3592239273284576e-16,2016-06-02 19:12:38
6.5,-73.93724822998048,33.5,0.0,2016-06-02 04:48:15
9.938125,-73.91580581665039,35.37500000000001,0.6924999999999998,2016-06-02 11:59:41
1.3034210526315788,-73.93192130640934,6.39473684210526,0.14578947368421055,2016-06-02 06:19:55
7.66611111111111,-73.91026475694444,24.63888888888889,0.3077777777777776,2016-06-02 03:18:57
4.076341463414634,-73.9174490207579,19.097560975609753,0.27024390243902424,2016-06-02 16:58:44
4.455813953488371,-73.93815878934639,20.116279069767447,0.5153488372093022,2016-06-02 15:58:24
8.107777777777779,-73.95978489628544,29.42592592592593,2.7755575615628914e-17,2016-06-02 22:10:08
8.390454545454547,-73.94654430042614,35.84090909090909,0.2518181818181817,2016-06-02 15:05:09
3.1776119402985072,-73.94797880258133,14.582089552238807,0.165373134328358,2016-06-02 09:27:39
2.8827777777777777,-73.93143844604492,12.159722222222221,0.07694444444444447,2016-06-02 20:44:12
8.59,-73.94454040527344,37.6,0.5539999999999997,2016-06-02 10:50:36
1.7762337662337666,-73.93587147105823,8.896103896103895,-1.9428902930940242e-16,2016-06-02 14:16:29
10.65,-73.96945953369139,76.0,0.0,2016-06-02 12:57:48
0.9453947368421056,-73.93376651563142,7.036973684210531,-1.9428902930940242e-16,2016-06-02 10:47:55
2.095068493150685,-73.92893668396832,10.657534246575343,0.07589041095890409,2016-06-02 15:43:51
2.4762162162162165,-73.91356308395798,9.527027027027028,0.0,2016-06-02 04:39:45
6.51875,-73.97147909800213,27.1875,0.4616666666666664,2016-06-02 09:40:28
2.504736842105263,-73.93228229723479,12.140350877192983,0.09719298245614022,2016-06-02 11:32:33
9.0356,-73.93934295654297,32.80000000000001,0.8864,2016-06-02 08:34:25
1.0374193548387105,-73.93518689883652,6.6720430107526925,0.02731182795698911,2016-06-02 17:07:55
8.262962962962963,-73.94586012098523,29.37037037037037,0.8207407407407405,2016-06-02 07:17:38
4.2782758620689645,-73.94612779288455,21.12068965517241,0.3820689655172411,2016-06-02 17:43:55
6.885833333333334,-73.96811644236247,29.937500000000004,0.2308333333333333,2016-06-02 08:48:27
3.7958064516129033,-73.94037640479303,16.846774193548384,0.08935483870967745,2016-06-02 19:04:45
3.25375,-73.94588947296144,11.395833333333336,2.7755575615628914e-17,2016-06-02 05:33:49
1.0748192771084344,-73.9478169636554,6.433734939759043,-2.0816681711721683e-16,2016-06-02 09:07:58
3.1656790123456786,-73.92557167712553,12.76543209876543,-2.0816681711721683e-16,2016-06-02 21:34:34
15.1,-73.85724105834963,40.3,0.5539999999999999,2016-06-02 03:59:53
3.1180000000000003,-73.9532257080078,15.9,0.0,2016-06-02 16:19:00
2.7697468354430383,-73.94067402127423,12.810126582278484,-1.9428902930940242e-16,2016-06-02 19:38:13
4.685666666666667,-73.95568339029948,22.25,0.7386666666666672,2016-06-02 15:20:12
2.0520454545454543,-73.91458077864212,8.659090909090908,-5.551115123125783e-17,2016-06-02 03:06:26
5.9541666666666675,-73.94235547383627,23.979166666666664,0.4616666666666664,2016-06-02 13:00:43
10.584444444444443,-73.92613813612195,34.611111111111114,1.3877787807814454e-17,2016-06-02 01:41:29
5.805185185185184,-73.94182954011141,28.981481481481485,0.6681481481481479,2016-06-02 16:34:46
0.9095789473684216,-73.94174483449835,6.463157894736844,-2.3592239273284576e-16,2016-06-02 16:45:14
18.668333333333333,-73.91175715128581,59.91666666666667,0.923333333333333,2016-06-02 17:33:46
16.446666666666665,-73.8926010131836,49.33333333333334,2.0266666666666664,2016-06-02 11:02:00
5.031282051282052,-73.96222412891876,21.538461538461547,0.7102564102564106,2016-06-02 08:55:46
14.001428571428571,-73.9887193952288,57.0,2.8928571428571432,2016-06-02 12:24:12
13.457499999999998,-73.90639559427896,50.541666666666686,2.7755575615628914e-17,2016-06-02 16:17:12
0.9041304347826099,-73.93928892716117,6.70978260869566,-2.220446049250313e-16,2016-06-02 17:41:47
12.85,-73.93114035470145,52.28571428571429,2.3742857142857137,2016-06-02 16:49:52
9.327777777777778,-73.98375913831923,37.111111111111114,2.3883333333333336,2016-06-02 13:45:00
2.341666666666667,-73.91400019327799,13.75,0.0,2016-06-02 16:42:47
4.6184210526315805,-73.94284874096252,17.122807017543856,0.1943859649122804,2016-06-02 22:07:04
3.243333333333333,-73.95027177598743,13.6,0.3693333333333329,2016-06-02 07:18:18
0.9043617021276601,-73.93925037789852,5.952127659574466,-2.3592239273284576e-16,2016-06-02 17:17:29
1.3327007299270073,-73.93999252876226,7.060583941605833,0.040437956204379434,2016-06-02 21:14:41
1.215,-73.92742538452148,6.75,0.0,2016-06-02 11:32:58
11.91111111111111,-73.92521116468642,40.805555555555564,0.5299999999999997,2016-06-02 23:24:30
2.2117142857142857,-73.90354810442244,8.614285714285717,0.1582857142857143,2016-06-02 03:55:52
1.1951685393258424,-73.94201394413294,7.308988764044948,0.08988764044943806,2016-06-02 10:32:47
0.8769230769230771,-73.93780834491436,6.669230769230772,-1.6653345369377348e-16,2016-06-02 15:40:12
6.195000000000001,-73.93957481384278,29.85,0.27699999999999997,2016-06-02 16:03:06
1.1869924812030077,-73.94027859106995,6.406015037593972,-2.7755575615628914e-16,2016-06-02 21:06:05
4.307272727272727,-73.93612133372912,20.409090909090914,0.12590909090909094,2016-06-02 17:28:06
1.074588235294117,-73.94100853415097,6.382352941176478,-2.0816681711721683e-16,2016-06-02 20:39:30
6.793076923076923,-73.97934077336238,29.461538461538467,0.6392307692307688,2016-06-02 10:27:00
5.5350909090909095,-73.94610956365413,19.681818181818183,-1.249000902703301e-16,2016-06-02 22:47:01
1.4331666666666665,-73.94113197326661,8.491666666666664,0.18466666666666653,2016-06-02 12:04:32
1.0356470588235294,-73.929127592199,6.364705882352947,-2.0816681711721683e-16,2016-06-02 09:48:45
2.282448979591837,-73.9393853946608,11.306122448979592,-9.714451465470121e-17,2016-06-02 07:59:59
2.5392,-73.92978240966795,12.233466666666667,0.10773333333333324,2016-06-02 18:06:59
2.7245454545454546,-73.93414126309482,13.863636363636365,-1.249000902703301e-16,2016-06-02 16:06:54
2.935606060606061,-73.94296518961589,14.909090909090908,0.08393939393939392,2016-06-02 18:27:42
1.1045121951219512,-73.93810141958842,6.981707317073176,-2.0816681711721683e-16,2016-06-02 16:00:04
9.108823529411763,-73.8984437830308,41.64705882352942,0.8011764705882349,2016-06-02 16:44:05
2.8623684210526315,-73.94176041452508,12.539473684210524,0.14578947368421055,2016-06-02 07:27:02
5.596727272727271,-73.94771034934304,20.62727272727273,0.14690909090909093,2016-06-02 20:29:24
10.095,-73.83929061889648,30.500000000000004,0.0,2016-06-02 01:12:38
8.846363636363636,-73.97320383245295,36.06818181818183,0.5036363636363634,2016-06-02 08:11:56
22.05,-73.78289031982422,23.0,0.0,2016-06-02 06:36:46
1.1342500000000006,-73.92590465545655,6.274999999999998,-2.7755575615628914e-17,2016-06-02 06:48:45
14.14,-73.87300456653942,44.81818181818183,1.0072727272727269,2016-06-02 06:05:18
2.4450000000000003,-73.95764923095703,13.0,0.0,2016-06-02 10:28:50
1.4292982456140348,-73.91130521004659,6.8508771929824555,0.1842105263157892,2016-06-02 01:41:25
1.81,-73.93883514404298,9.5,0.0,2016-06-02 09:09:56
1.3874999999999995,-73.92766227722169,6.8749999999999964,0.27699999999999964,2016-06-02 01:09:10
8.678333333333333,-73.91285578409831,43.08333333333334,0.0,2016-06-02 20:38:46
5.88157894736842,-73.95904520938271,25.39473684210527,1.052368421052632,2016-06-02 11:44:16
1.1977477477477485,-73.9358785818289,7.540540540540545,-2.6367796834847473e-16,2016-06-02 19:22:56
1.333877551020408,-73.92475237165179,7.816326530612242,-9.714451465470121e-17,2016-06-02 02:08:46
0.8044230769230776,-73.94089449368991,6.249999999999997,-1.1102230246251563e-16,2016-06-02 10:20:46
4.737241379310344,-73.93370779629413,17.525862068965516,0.23482758620689625,2016-06-02 22:18:48
0.8700000000000001,-73.93745422363281,6.0,0.0,2016-06-02 17:33:00
2.3466666666666667,-73.96225357055664,12.5,0.0,2016-06-02 15:31:28
5.300666666666667,-73.93307698567709,16.96666666666667,0.1386666666666667,2016-06-02 02:30:59
13.79846153846154,-73.89949563833383,43.269230769230774,2.1823076923076927,2016-06-02 05:56:19
4.524166666666666,-73.94569094975789,18.375,0.5770833333333337,2016-06-02 07:29:28
6.722903225806452,-73.9392522996472,27.822580645161292,0.7148387096774195,2016-06-02 10:43:02
3.805223880597015,-73.94238383734404,14.268656716417912,0.20328358208955216,2016-06-02 23:45:15
3.2466153846153847,-73.92592468261721,13.707692307692305,0.1704615384615384,2016-06-02 11:41:07
10.7535,-73.96627311706544,35.7,0.2769999999999999,2016-06-02 22:38:20
2.7959722222222223,-73.93216175503201,11.159722222222225,-1.8041124150158796e-16,2016-06-02 23:17:29
5.9478125,-73.94754934310912,25.98437500000001,0.3462499999999997,2016-06-02 18:41:02
1.22044776119403,-73.93771128867989,6.669925373134322,-2.7755575615628914e-16,2016-06-02 20:54:36
4.5025,-73.93462342482347,20.21153846153847,0.3196153846153844,2016-06-02 18:11:03
2.3023880597014923,-73.93750660455049,11.56716417910448,0.08268656716417913,2016-06-02 08:11:56
3.2707407407407407,-73.92299058702257,13.944444444444445,0.1025925925925926,2016-06-02 13:36:03
0.958333333333334,-73.93997546604702,6.148809523809531,-2.0816681711721683e-16,2016-06-02 10:05:15
5.171212121212122,-73.95897397128019,22.0,2.7755575615628914e-17,2016-06-02 13:28:09
3.5365789473684215,-73.9183349609375,16.157894736842106,0.2915789473684208,2016-06-02 14:51:50
10.084166666666668,-73.92833773295084,44.5,1.0416666666666663,2016-06-02 17:32:52
1.7505263157894733,-73.92875691464073,8.092105263157901,-2.6367796834847473e-16,2016-06-02 22:44:12
6.747368421052631,-73.919837148566,21.605263157894736,0.5831578947368417,2016-06-02 05:08:12
1.156530612244898,-73.92762546150053,6.770408163265308,-2.3592239273284576e-16,2016-06-02 16:12:48
1.8595192307692312,-73.93781441908617,8.817307692307697,-2.498001805406602e-16,2016-06-02 19:55:51
1.2278947368421058,-73.9342269897461,6.732456140350873,-2.6367796834847473e-16,2016-06-02 19:34:30
2.5374545454545454,-73.95303164395419,15.036363636363635,-1.249000902703301e-16,2016-06-02 17:56:47
4.427179487179488,-73.94752463316306,20.615384615384613,-1.3877787807814454e-17,2016-06-02 15:47:44
1.685,-73.9582633972168,10.25,0.0,2016-06-02 13:51:01
1.0792499999999994,-73.94061956405639,6.087500000000008,-2.0816681711721683e-16,2016-06-02 08:38:06
1.077083333333333,-73.93696361117892,6.291666666666671,-1.8041124150158796e-16,2016-06-02 10:38:49
2.2918181818181815,-73.92748364535245,9.102272727272727,-5.551115123125783e-17,2016-06-02 02:52:55
5.955806451612903,-73.93474578857422,22.79032258064516,0.17870967741935484,2016-06-02 11:09:55
6.612727272727272,-73.94881092418323,22.060606060606066,0.1678787878787879,2016-06-02 00:11:01
4.3424999999999985,-73.93276596069336,16.512500000000006,0.2077499999999997,2016-06-02 21:06:20
4.609302325581396,-73.9500345629315,18.906976744186046,0.1288372093023255,2016-06-02 09:43:03
2.965526315789474,-73.93474076923572,10.960526315789476,0.29157894736842105,2016-06-02 05:45:52
1.4600000000000002,-73.94949595133463,7.0,0.0,2016-06-02 18:39:56
2.053333333333333,-73.91239929199219,11.333333333333336,0.0,2016-06-02 08:34:30
3.2893902439024387,-73.92110889713939,13.030487804878053,0.03097560975609734,2016-06-02 20:13:51
1.6354,-73.95086578369141,7.869999999999997,0.11080000000000002,2016-06-02 06:35:51
9.588947368421053,-73.93624516537315,37.05263157894737,1.0084210526315789,2016-06-02 14:05:15
1.3201562500000004,-73.94037747383119,7.171874999999999,-1.6653345369377348e-16,2016-06-02 12:15:06
15.607999999999999,-73.8655288696289,60.39999999999999,0.0,2016-06-02 10:18:41
6.151666666666667,-73.9394662645128,25.08333333333334,1.0772222222222223,2016-06-02 10:08:20
3.238888888888889,-73.93631765577528,14.013888888888893,0.07694444444444443,2016-06-02 19:19:36
1.6405633802816901,-73.92799581608303,7.436619718309863,-1.8041124150158796e-16,2016-06-02 00:47:19
3.5725581395348835,-73.94007429965706,15.16279069767442,0.12883720930232562,2016-06-02 12:47:08
5.292826086956521,-73.93653637429942,19.70652173913044,-6.938893903907227e-17,2016-06-02 21:19:18
2.7689285714285714,-73.92909731183734,13.062500000000002,0.3221428571428571,2016-06-02 14:07:17
5.503414634146342,-73.97494060237233,24.17073170731708,0.27024390243902424,2016-06-02 09:25:25
7.451428571428572,-73.91383943103608,30.857142857142854,0.5276190476190474,2016-06-02 18:28:30
0.8118750000000003,-73.91927576065062,5.257812500000004,-1.6653345369377348e-16,2016-06-02 12:36:46
3.3969090909090913,-73.9576543634588,15.863636363636363,-1.249000902703301e-16,2016-06-02 09:20:18
9.955,-73.9544548034668,43.8,1.3877787807814454e-17,2016-06-02 09:19:54
3.4115789473684215,-73.92736013312089,14.508771929824565,-1.3877787807814454e-16,2016-06-02 13:02:28
2.105,-73.93753051757812,9.25,0.0,2016-06-02 23:43:09
14.89,-73.97892761230467,47.5,2.54,2016-06-02 17:51:12
2.3124615384615383,-73.92748143122745,12.184615384615386,0.08523076923076914,2016-06-02 16:24:02
4.005416666666667,-73.94875574111937,18.229166666666664,0.4616666666666667,2016-06-02 08:34:21
1.17,-73.94062042236328,6.5,0.0,2016-06-02 11:10:55
1.4852873563218392,-73.9384386786099,7.588505747126443,-2.220446049250313e-16,2016-06-02 10:13:09
0.9615126050420162,-73.93994538122868,6.285714285714282,-2.6367796834847473e-16,2016-06-02 17:59:53
12.37,-73.88676071166992,5.0,0.0,2016-06-02 08:35:52
1.2694,-73.93238975524902,6.9600000000000035,-2.3592239273284576e-16,2016-06-02 11:14:43
1.0457894736842106,-73.93350982666016,6.473684210526321,-2.3592239273284576e-16,2016-06-02 17:12:16
17.006666666666668,-73.96432240804037,64.83333333333333,0.0,2016-06-02 17:59:21
1.0703529411764698,-73.93158641142006,6.688235294117653,-2.0816681711721683e-16,2016-06-02 16:58:22
1.1726605504587169,-73.92878135191191,6.298165137614674,-2.498001805406602e-16,2016-06-02 22:49:25
1.9605494505494498,-73.92712192744997,9.510989010989007,-2.220446049250313e-16,2016-06-02 19:01:34
2.5486206896551726,-73.94124327034784,12.715517241379311,0.09551724137931028,2016-06-02 15:03:59
0.8094285714285716,-73.9358411516462,6.242857142857147,-1.8041124150158796e-16,2016-06-02 16:39:37
3.0007228915662654,-73.94183331225292,11.879518072289155,0.06674698795180725,2016-06-02 23:32:53
5.052857142857143,-73.93546556745257,18.28571428571428,0.1582857142857143,2016-06-02 23:57:10
1.001363636363637,-73.9364435369318,6.5681818181818175,-2.6367796834847473e-16,2016-06-02 16:33:34
2.8683333333333336,-73.93770777384441,14.300000000000002,0.09233333333333336,2016-06-02 16:39:33
0.8793650793650791,-73.92830827501085,6.412698412698416,-1.6653345369377348e-16,2016-06-02 14:31:17
0.8617757009345803,-73.93519242901668,5.7523364485981245,-2.498001805406602e-16,2016-06-02 18:38:33
1.4365217391304346,-73.90999238387398,7.891304347826084,-6.938893903907227e-17,2016-06-02 02:39:12
4.453030303030302,-73.938408129143,21.272727272727273,0.1678787878787879,2016-06-02 18:27:35
3.070754716981132,-73.93627296303805,12.79245283018868,0.10452830188679244,2016-06-02 10:50:39
8.196842105263157,-73.90855447869552,32.131578947368425,0.5831578947368418,2016-06-02 15:29:53
3.4998148148148145,-73.92954494335035,15.537037037037035,0.3077777777777777,2016-06-02 13:46:58
11.30923076923077,-73.89036207932692,44.23076923076924,0.4261538461538459,2016-06-02 15:14:44
7.224761904761904,-73.93774377732048,32.02380952380953,0.7161904761904758,2016-06-02 17:08:09
8.64391304347826,-73.96292047915252,30.58695652173914,0.2408695652173912,2016-06-02 22:54:08
2.691851851851852,-73.93366184941044,12.376543209876544,0.06839506172839491,2016-06-02 18:48:05
1.6571929824561409,-73.9363096806041,8.561403508771928,-1.3877787807814454e-16,2016-06-02 09:58:46
10.08705882352941,-73.97198037540211,35.23529411764706,1.0882352941176472,2016-06-02 20:03:17
9.564799999999998,-73.94796264648437,32.68000000000001,0.4431999999999999,2016-06-02 21:55:32
4.957272727272726,-73.9326997236772,16.636363636363637,1.5109090909090914,2016-06-02 05:48:36
15.536666666666665,-73.90082168579102,51.66666666666667,1.3333333333333333,2016-06-02 19:21:48
4.020476190476192,-73.92216310046967,16.476190476190474,0.2638095238095238,2016-06-02 09:11:47
3.497954545454545,-73.9276197606867,16.875,0.21590909090909052,2016-06-02 17:12:52
1.0765822784810128,-73.92470676084108,5.7278481012658276,-1.9428902930940242e-16,2016-06-02 21:59:19
4.058987341772151,-73.92475166803673,15.120253164556955,0.14025316455696196,2016-06-02 22:36:46
1.4933333333333334,-73.9152857462565,12.933333333333335,0.0,2016-06-02 16:07:54
3.6,-73.91494750976562,19.0,0.0,2016-06-02 07:29:03
15.875999999999998,-73.91622314453123,58.5,0.0,2016-06-02 13:57:11
3.670317460317461,-73.93067338731555,15.357142857142856,0.17587301587301565,2016-06-02 09:33:29
3.083333333333333,-73.9392573038737,13.956140350877195,0.19438596491228066,2016-06-02 08:26:48
1.0200000000000002,-73.92466747399533,6.4469696969697,0.038484848484848455,2016-06-02 13:22:48
34.94,-73.79055786132812,112.5,0.0,2016-06-02 15:56:58
4.864285714285715,-73.94159244355701,16.88095238095238,0.0495238095238095,2016-06-02 00:30:08
2.4748936170212765,-73.940482281624,12.287234042553193,-8.326672684688674e-17,2016-06-02 14:33:22
4.263428571428571,-73.94203578404019,20.442857142857143,0.3165714285714282,2016-06-02 16:44:47
4.697291666666667,-73.93672418594359,19.79166666666667,0.3462499999999997,2016-06-02 10:34:10
6.457857142857143,-73.94709096636092,25.214285714285715,0.3957142857142856,2016-06-02 12:43:54
63.5,-73.89260101318358,188.5,5.54,2016-06-02 12:59:27
1.2148076923076927,-73.93145487858699,7.115384615384612,-1.1102230246251563e-16,2016-06-02 00:56:35
0.8976666666666662,-73.9263074239095,6.097666666666669,-1.52655665885959e-16,2016-06-02 08:46:49
3.145853658536585,-73.92831513939835,17.243902439024392,-2.7755575615628914e-17,2016-06-02 16:31:19
2.670625,-73.94034633636474,11.575,0.06925000000000002,2016-06-02 20:34:55
5.177999999999999,-73.9376998901367,25.06,2.7755575615628914e-17,2016-06-02 17:31:27
19.2,-73.95433044433594,89.0,0.0,2016-06-02 21:23:26
3.633260869565217,-73.93904345968495,14.48913043478261,0.36130434782608695,2016-06-02 07:04:27
1.3335593220338977,-73.94256255586268,6.991525423728813,-1.52655665885959e-16,2016-06-02 06:53:33
9.84142857142857,-73.93452344621932,32.214285714285715,1.3877787807814454e-17,2016-06-02 01:15:31
1.0555645161290323,-73.93850234247023,6.763225806451608,-2.7755575615628914e-16,2016-06-02 20:19:19
4.7678787878787885,-73.95907107266513,22.13636363636364,0.5036363636363633,2016-06-02 12:24:56
2.635,-73.93269193172455,11.773437500000002,0.12625000000000006,2016-06-02 11:01:38
1.0182857142857142,-73.93814784458705,6.3857142857142914,-1.8041124150158796e-16,2016-06-02 11:32:58
6.897272727272727,-73.9233249317516,27.54545454545455,0.25181818181818183,2016-06-02 15:49:35
13.265,-73.87741756439209,41.75,1.3877787807814454e-17,2016-06-02 01:53:10
1.3828947368421058,-73.93504126030102,8.01315789473685,-2.6367796834847473e-16,2016-06-02 16:52:36
1.1979999999999995,-73.93697992960612,7.462222222222228,-2.220446049250313e-16,2016-06-02 17:45:57
8.677826086956522,-73.96140388820483,30.06521739130435,2.7755575615628914e-17,2016-06-02 23:03:25
1.3718181818181818,-73.93029577081853,6.647727272727269,-5.551115123125783e-17,2016-06-02 07:09:20
6.9272413793103444,-73.95531042690934,26.551724137931036,0.6220689655172414,2016-06-02 08:18:11
1.4094285714285713,-73.93766283307757,7.578571428571429,-1.8041124150158796e-16,2016-06-02 10:22:18
1.4626548672566366,-73.93592388862001,7.1991150442477885,-2.6367796834847473e-16,2016-06-02 23:44:36
10.75375,-73.95033073425294,42.875,0.6924999999999997,2016-06-02 07:25:45
2.0222,-73.93542602539063,9.71,0.3323999999999997,2016-06-02 07:55:56
2.3685714285714288,-73.93441499982562,11.089285714285717,0.09892857142857144,2016-06-02 13:27:23
3.14,-73.95708847045898,14.125,0.0,2016-06-02 19:40:24
5.101481481481481,-73.95168163158277,19.925925925925924,0.6155555555555554,2016-06-02 12:54:13
11.696666666666665,-73.9696528116862,63.0,1.8466666666666665,2016-06-02 16:59:03
4.084754098360657,-73.94581466424661,14.991803278688526,0.09081967213114753,2016-06-02 23:20:33
1.091818181818183,-73.92942376570268,6.273750000000005,-2.220446049250313e-16,2016-06-02 13:44:37
1.0887500000000006,-73.94289658864339,6.724999999999998,-2.6367796834847473e-16,2016-06-02 19:18:51
2.148076923076923,-73.93333092713968,11.493589743589745,-1.9428902930940242e-16,2016-06-02 18:02:49
8.9,-73.98312377929686,40.0,5.54,2016-06-02 14:07:09
3.0904,-73.94593002319336,16.63,-9.714451465470121e-17,2016-06-02 17:06:17
1.08,-73.94703674316406,6.5,0.0,2016-06-02 19:05:32
2.7857142857142856,-73.91609861412826,11.89795918367347,0.05183673469387759,2016-06-02 13:09:42
3.9190196078431367,-73.9485715978286,16.51960784313725,0.4345098039215683,2016-06-02 08:53:27
4.6525,-73.9753532409668,20.25,0.0,2016-06-02 14:15:34
9.060454545454542,-73.92985049161044,34.63636363636364,0.7554545454545449,2016-06-02 09:08:55
4.109102564102564,-73.94399995070238,15.205128205128204,0.03256410256410236,2016-06-02 23:49:44
4.9562068965517225,-73.94385502256195,17.413793103448278,0.3820689655172412,2016-06-02 06:16:01
5.090322580645161,-73.93909380512855,22.548387096774192,0.5361290322580641,2016-06-02 14:27:18
3.2113333333333336,-73.92089470757378,11.666666666666668,0.3693333333333332,2016-06-02 05:22:48
10.29470588235294,-73.89627075195312,31.41176470588236,0.6517647058823525,2016-06-02 04:33:03
2.7278571428571428,-73.93447521754673,11.672619047619053,-2.0816681711721683e-16,2016-06-02 20:24:54
1.20140625,-73.93710803985596,6.559375000000001,-1.6653345369377348e-16,2016-06-02 07:20:07
7.011875,-73.93603634834291,25.93750000000001,0.3462499999999999,2016-06-02 19:59:42
1.7944262295081967,-73.93776215099898,9.0983606557377,-1.52655665885959e-16,2016-06-02 12:30:11
8.686875,-73.91293954849245,31.875,2.7755575615628914e-17,2016-06-02 21:20:55
2.1677777777777782,-73.93961917029486,11.49305555555556,-1.8041124150158796e-16,2016-06-02 16:16:41
1.2688888888888892,-73.94070519341363,9.481481481481481,-1.249000902703301e-16,2016-06-02 12:08:13
5.233783783783784,-73.96858792691617,23.21621621621622,0.4491891891891889,2016-06-02 08:34:49
2.065,-73.93683624267578,10.833333333333336,0.0,2016-06-02 18:06:15
13.544,-73.80188446044922,46.80000000000001,3.3239999999999994,2016-06-02 03:24:51
0.8566233766233768,-73.93723782626066,6.025974025974032,-1.9428902930940242e-16,2016-06-02 07:56:41
14.045000000000002,-73.9053243001302,49.16666666666667,1.8466666666666665,2016-06-02 18:35:24
2.405,-73.96065521240234,13.75,0.0,2016-06-02 13:26:18
2.37,-73.91900126139322,13.833333333333336,0.0,2016-06-02 12:28:14
2.49,-73.87801742553711,11.25,0.0,2016-06-02 13:31:17
1.5353333333333334,-73.92917963663737,7.716666666666669,2.7755575615628914e-17,2016-06-02 04:56:56
9.699375000000002,-73.89814281463623,30.250000000000004,0.6924999999999999,2016-06-02 06:19:07
8.420666666666667,-73.94152170817057,36.03333333333333,0.3693333333333329,2016-06-02 13:21:55
1.535,-73.97592163085938,11.25,0.0,2016-06-02 09:21:46
5.919268292682926,-73.94275628066644,20.10975609756097,0.1351219512195122,2016-06-02 00:42:29
2.780945945945946,-73.94249601621884,13.783783783783786,0.034324324324324154,2016-06-02 17:47:46
2.5484615384615386,-73.93423884465145,11.115384615384617,0.03907692307692296,2016-06-02 20:02:41
0.966666666666667,-73.9304911295573,6.081944444444449,0.07694444444444445,2016-06-02 22:03:38
2.4028846153846155,-73.93129202035756,11.105769230769234,-1.1102230246251563e-16,2016-06-02 12:45:30
8.345,-73.89578819274901,28.0,2.77,2016-06-02 23:51:14
21.82,-73.92085266113281,88.0,0.0,2016-06-02 07:54:46
3.128,-73.93658490862165,12.35,-1.8041124150158796e-16,2016-06-02 22:27:40
3.3074576271186436,-73.93106066170384,12.466101694915256,-1.52655665885959e-16,2016-06-02 00:56:17
3.3053571428571433,-73.93441350119454,12.258928571428573,-1.3877787807814454e-16,2016-06-02 00:15:45
4.560588235294118,-73.94483843036727,20.82352941176471,0.4623529411764706,2016-06-02 18:53:36
4.769069767441861,-73.94438721412837,22.59302325581396,0.25767441860465073,2016-06-02 17:49:09
10.487333333333334,-73.91981913248698,35.333333333333336,0.3693333333333332,2016-06-02 06:32:50
3.7735849056603774,-73.93636480367408,16.999999999999996,0.2090566037735846,2016-06-02 15:06:37
2.265,-73.88897323608398,11.25,0.0,2016-06-02 12:03:17
13.22,-74.00197982788086,68.25,0.0,2016-06-02 11:48:22
2.2065714285714284,-73.92712631225588,11.028571428571428,0.15828571428571428,2016-06-02 15:38:02
4.997096774193548,-73.9543890183972,21.70967741935484,0.3574193548387093,2016-06-02 11:17:07
6.420465116279068,-73.94609956963117,26.59302325581395,0.6441860465116281,2016-06-02 08:25:33
4.27452380952381,-73.94331922985259,18.178571428571427,0.26380952380952377,2016-06-02 11:27:39
9.696,-73.94950332641602,42.0,0.5539999999999998,2016-06-02 11:23:48
0.8499999999999999,-73.86277770996094,9.25,0.0,2016-06-02 17:33:44
0.9003508771929816,-73.92734152810615,6.605263157894738,-1.3877787807814454e-16,2016-06-02 14:05:27
0.9552702702702704,-73.93784620955184,7.918918918918923,-1.8041124150158796e-16,2016-06-02 13:51:17
3.003809523809524,-73.92711009676495,12.1984126984127,-1.6653345369377348e-16,2016-06-02 22:13:45
7.309999999999999,-73.93367004394531,28.403846153846164,0.6392307692307687,2016-06-02 09:58:52
7.3704,-73.94090606689453,27.92,1.2063999999999997,2016-06-02 07:50:09
6.5157894736842135,-73.94088945890728,26.736842105263158,1.3877787807814454e-17,2016-06-02 08:03:37
14.173750000000002,-73.85570526123047,49.56250000000002,2.0775,2016-06-02 15:44:15
2.028837209302326,-73.93353963452716,10.656976744186048,0.09302325581395328,2016-06-02 18:26:09
5.356888888888889,-73.95018886990017,18.733333333333334,0.6155555555555556,2016-06-02 06:32:36
3.134782608695652,-73.93046536652938,12.076086956521738,-6.938893903907227e-17,2016-06-02 01:03:09
0.955949367088608,-73.94010181668439,6.158227848101273,-1.9428902930940242e-16,2016-06-02 15:09:09
10.014,-73.96847229003906,35.5,0.0,2016-06-02 01:30:22
0.6540740740740736,-73.94058467723707,6.153703703703705,-1.249000902703301e-16,2016-06-02 14:59:52
1.0455913978494615,-73.93756374236077,6.736559139784951,-2.3592239273284576e-16,2016-06-02 14:50:03
1.4353225806451615,-73.93417063067038,7.612903225806451,-1.52655665885959e-16,2016-06-02 00:26:00
9.226,-73.93517456054687,33.0,0.8309999999999996,2016-06-02 20:29:56
0.76,-73.98468017578125,6.5,0.0,2016-06-02 10:01:02
1.935,-73.93222045898438,8.25,0.0,2016-06-02 02:14:23
1.480707070707071,-73.9396805426087,7.631313131313138,0.05595959595959592,2016-06-02 09:43:24
3.586315789473685,-73.93709002043072,15.44736842105263,0.2915789473684208,2016-06-02 10:26:09
3.2921311475409842,-73.91612656390079,14.770491803278688,0.22196721311475395,2016-06-02 13:53:39
6.115333333333334,-73.97162780761718,30.066666666666666,2.7755575615628914e-17,2016-06-02 10:32:26
1.035045871559633,-73.93715478739605,6.005504587155956,-2.498001805406602e-16,2016-06-02 20:10:28
38.71,-73.83782196044923,67.0,5.54,2016-06-02 04:19:30
1.2341379310344824,-73.94126506235408,7.454022988505751,-2.220446049250313e-16,2016-06-02 09:26:12
2.5086764705882354,-73.9442356334013,12.816176470588234,-1.8041124150158796e-16,2016-06-02 17:31:03
0.843823529411764,-73.93593877904556,6.183823529411768,-1.8041124150158796e-16,2016-06-02 15:17:04
2.9485074626865666,-73.93533632648526,13.06716417910448,-1.8041124150158796e-16,2016-06-02 10:44:45
1.2394059405940594,-73.93385972126877,6.48019801980198,-2.498001805406602e-16,2016-06-02 22:58:54
4.008,-73.94544219970703,15.5,0.0,2016-06-02 11:03:20
8.980833333333333,-73.93765767415364,37.83333333333333,0.9233333333333328,2016-06-02 13:51:01
3.6705263157894734,-73.9296207093356,16.51754385964912,-1.3877787807814454e-16,2016-06-02 14:45:42
7.932173913043478,-73.92661981997283,30.06521739130435,0.5721739130434781,2016-06-02 19:39:30
12.566666666666665,-73.97437286376953,54.5,0.0,2016-06-02 21:20:48
0.955903614457832,-73.92541108648463,6.961686746987957,-2.0816681711721683e-16,2016-06-02 17:34:01
7.7744,-73.9398486328125,32.86000000000001,0.44319999999999976,2016-06-02 13:06:49
0.8375490196078437,-73.93589999629002,5.517647058823523,-2.498001805406602e-16,2016-06-02 19:39:11
5.902045454545455,-73.96050799976695,23.465909090909093,0.5036363636363635,2016-06-02 09:02:09
3.425,-73.92610549926758,2.5650000000000013,0.0,2016-06-02 07:03:11
1.2504040404040409,-73.93622434982146,7.20202020202021,-2.3592239273284576e-16,2016-06-02 22:21:32
3.706,-73.93337402343752,14.2,0.0,2016-06-02 21:58:06
1.3501315789473685,-73.93141134161698,6.855263157894742,-1.9428902930940242e-16,2016-06-02 23:57:24
2.525076923076923,-73.94745459923378,11.6,0.1704615384615384,2016-06-02 07:38:49
7.5,-73.95137023925781,22.0,0.0,2016-06-02 03:44:36
1.986867469879518,-73.93019058043699,10.536144578313252,-2.0816681711721683e-16,2016-06-02 15:49:07
1.1544999999999996,-73.92835456848144,6.1450000000000005,-2.3592239273284576e-16,2016-06-02 21:32:05
5.77695652173913,-73.94115945567255,21.456521739130444,-6.938893903907227e-17,2016-06-02 21:25:16
5.781702127659576,-73.9375646063622,21.25531914893617,0.4714893617021274,2016-06-02 21:12:39
16.408333333333335,-73.80037053426106,51.83333333333334,2.1933333333333334,2016-06-02 15:28:14
10.284761904761906,-73.91159348260788,31.190476190476197,0.2638095238095238,2016-06-02 05:41:08
1.2922222222222224,-73.93854908884308,7.969135802469139,-2.0816681711721683e-16,2016-06-02 08:33:02
3.1519999999999997,-73.93774948120117,15.325000000000005,0.1385,2016-06-02 15:23:06
9.93,-73.9471944173177,32.72916666666667,0.923333333333333,2016-06-02 22:18:58
2.6692727272727272,-73.93655229048295,13.436363636363636,-1.249000902703301e-16,2016-06-02 17:20:52
1.3607894736842099,-73.89401586432206,7.251315789473689,-1.9428902930940242e-16,2016-06-02 11:49:02
11.8,-73.91559600830078,88.0,12.5,2016-06-02 18:30:04
1.0417073170731703,-73.93960022344822,6.042682926829275,-2.0816681711721683e-16,2016-06-02 09:03:52
2.963555555555556,-73.94147711859809,13.333333333333336,-6.938893903907227e-17,2016-06-02 13:30:40
2.29,-73.9164810180664,9.333333333333334,0.0,2016-06-02 00:49:58
1.0580952380952375,-73.92929985409691,5.7146428571428585,-2.0816681711721683e-16,2016-06-02 21:54:37
1.1302105263157902,-73.92766105250308,6.042105263157895,-2.3592239273284576e-16,2016-06-02 21:44:07
1.4058749999999995,-73.92515316009522,7.781250000000003,0.06924999999999981,2016-06-02 14:25:06
5.162702702702703,-73.93043579926362,18.04054054054054,0.14972972972972975,2016-06-02 01:40:05
1.9562337662337663,-73.92391145384157,9.551948051948047,0.0329870129870128,2016-06-02 19:24:52
3.26,-73.9505615234375,12.5,0.0,2016-06-02 08:16:53
1.7305,-73.9338258107503,9.441666666666666,-1.52655665885959e-16,2016-06-02 15:25:26
8.736470588235294,-73.9763053445255,33.529411764705884,2.364705882352941,2016-06-02 07:31:24
1.5269696969696969,-73.9199570164536,7.333333333333332,2.7755575615628914e-17,2016-06-02 02:19:26
18.71,-73.96013641357422,68.0,0.0,2016-06-02 07:21:50
3.2271428571428573,-73.94697697957356,16.773809523809522,-4.163336342344337e-17,2016-06-02 17:22:34
1.3843103448275855,-73.92221542884562,9.051724137931034,-1.3877787807814454e-16,2016-06-02 01:52:45
0.8423076923076922,-73.9382838713817,15.897435897435903,-1.9428902930940242e-16,2016-06-02 15:35:24
1.1450000000000002,-73.9245136805943,6.559523809523807,-4.163336342344337e-17,2016-06-02 01:25:16
9.625,-73.93897120157878,29.541666666666664,0.4616666666666663,2016-06-02 03:07:50
5.4712903225806455,-73.9437024516444,23.193548387096772,0.5361290322580644,2016-06-02 14:19:02
4.99258064516129,-73.93466211134388,18.08064516129032,2.7755575615628914e-17,2016-06-02 01:11:42
1.2218292682926828,-73.93431556515576,6.646341463414643,-2.0816681711721683e-16,2016-06-02 13:03:15
2.045,-73.94064287458147,10.750000000000005,-1.8041124150158796e-16,2016-06-02 07:44:27
0.9639325842696628,-73.92306664284696,6.387640449438207,-2.220446049250313e-16,2016-06-02 18:17:00
4.105409836065574,-73.93821065933976,15.844262295081961,0.18163934426229505,2016-06-02 21:00:28
1.5937500000000002,-73.93173265457153,7.062499999999999,0.17312500000000006,2016-06-02 06:31:03
5.4494444444444445,-73.93393792046442,21.296296296296305,0.7181481481481485,2016-06-02 09:56:22
1.57,-73.97630310058594,7.5,0.0,2016-06-02 07:10:38
4.266818181818182,-73.94151063398881,18.920454545454547,0.2518181818181817,2016-06-02 19:18:41
1.3272566371681422,-73.93635289014969,7.1548672566371705,-2.6367796834847473e-16,2016-06-02 19:45:07
2.497733333333333,-73.94317698160808,11.220000000000002,-1.9428902930940242e-16,2016-06-02 20:30:38
6.068666666666667,-73.93743489583333,24.109,2.7755575615628914e-17,2016-06-02 12:08:02
6.654545454545455,-73.92720413208008,31.454545454545453,0.2518181818181817,2016-06-02 17:32:48
1.7042857142857142,-73.94122674124581,8.728571428571422,-1.8041124150158796e-16,2016-06-02 09:13:54
8.220833333333333,-73.93117268880208,32.27083333333334,0.6924999999999996,2016-06-02 11:32:27
1.1324999999999998,-73.90049934387206,6.0,0.0,2016-06-02 23:06:07
2.5416901408450703,-73.93429264552157,13.260563380281694,0.07802816901408441,2016-06-02 18:34:15
1.1479999999999997,-73.92955703735352,6.707142857142861,0.11542857142857142,2016-06-02 12:20:15
3.881458333333333,-73.94498062133789,16.84375,0.11541666666666657,2016-06-02 19:12:25
6.736333333333333,-73.91914800008138,30.050000000000004,0.18466666666666667,2016-06-02 17:21:55
2.48,-73.90402221679688,11.5,0.0,2016-06-02 10:46:55
9.886,-73.92555923461914,35.5,1.3877787807814454e-17,2016-06-02 19:13:59
1.0850000000000002,-73.86891555786133,5.75,0.0,2016-06-02 12:20:41
5.968636363636364,-73.93135278875178,20.136363636363637,0.2518181818181818,2016-06-02 02:21:44
1.1793749999999994,-73.95232701301575,7.079531250000001,0.08656249999999995,2016-06-02 07:29:52
5.724565217391304,-73.9485097138778,22.478260869565226,-6.938893903907227e-17,2016-06-02 19:30:00
3.3255421686746987,-73.93961269884223,13.403614457831328,0.06674698795180714,2016-06-02 21:12:49
2.86575,-73.91615657806396,11.3,0.1385,2016-06-02 05:59:30
3.7582,-73.94409622192383,15.660000000000002,0.44320000000000026,2016-06-02 10:20:02
1.1445535714285722,-73.94248240334647,6.236607142857138,-2.6367796834847473e-16,2016-06-02 20:46:42
1.1494117647058821,-73.94226612764247,6.810924369747897,0.0213445378151258,2016-06-02 18:44:50
1.36,-73.98381805419923,13.5,0.0,2016-06-02 08:30:41
1.87525,-73.91807079315186,9.675000000000002,-2.7755575615628914e-17,2016-06-02 14:06:05
2.76,-73.92349330714491,13.418032786885247,0.09081967213114757,2016-06-02 17:42:46
11.088,-73.93340759277343,38.23333333333333,0.7386666666666665,2016-06-02 20:38:51
9.91125,-73.9472770690918,39.6875,1.3877787807814454e-17,2016-06-02 11:02:07
8.098125,-73.92373943328856,30.8125,0.3462499999999999,2016-06-02 14:27:54
1.7504285714285708,-73.9361090523856,7.792857142857143,-1.8041124150158796e-16,2016-06-02 01:13:38
8.454444444444443,-73.94914923773871,31.277777777777786,0.3077777777777775,2016-06-02 07:53:59
5.199473684210527,-73.94785348992599,26.342105263157894,0.29157894736842105,2016-06-02 16:51:15
5.022222222222221,-73.95520344486944,17.925925925925924,-1.249000902703301e-16,2016-06-02 21:51:21
2.254107142857143,-73.94732747759137,10.955357142857146,0.19785714285714284,2016-06-02 09:46:13
4.4279166666666665,-73.93816375732422,16.020833333333336,0.2308333333333333,2016-06-02 02:42:36
1.34,-73.92873573303224,7.0,0.0,2016-06-02 19:22:59
1.0117948717948722,-73.93826919946916,10.82051282051282,-1.3877787807814454e-17,2016-06-02 00:01:47
1.5690625000000005,-73.92826994260152,7.635416666666671,-2.3592239273284576e-16,2016-06-02 22:09:12
11.554,-73.89199371337891,42.40000000000001,1.108,2016-06-02 14:52:36
1.0623750000000003,-73.93118400573731,6.1062500000000055,-2.0816681711721683e-16,2016-06-02 07:50:59
2.3954901960784314,-73.93857978372012,11.96078431372549,-1.1102230246251563e-16,2016-06-02 08:47:54
4.544242424242424,-73.94143769235322,16.681818181818183,0.08393939393939383,2016-06-02 23:37:38
5.6409375000000015,-73.9414758682251,19.8125,0.8656250000000002,2016-06-02 06:48:34
3.486904761904762,-73.9180546715146,15.73809523809524,-4.163336342344337e-17,2016-06-02 12:01:25
2.6435714285714287,-73.92950693766277,12.386904761904766,-2.0816681711721683e-16,2016-06-02 18:42:51
3.7044,-73.94483306884766,17.239999999999995,0.494,2016-06-02 14:35:52
0.9024324324324324,-73.94193608052022,5.763513513513519,0.03432432432432425,2016-06-02 08:14:42
2.7603508771929826,-73.92569625586795,12.543859649122805,0.19438596491228055,2016-06-02 08:22:53
3.79,-73.92877197265625,14.0,0.0,2016-06-02 21:18:06
2.779868421052632,-73.92961160760177,11.48684210526316,0.14578947368421055,2016-06-02 21:49:27
2.9545454545454546,-73.93320291692561,16.136363636363637,-5.551115123125783e-17,2016-06-02 16:53:02
1.4200970873786398,-73.92829902426709,7.000000000000003,-2.498001805406602e-16,2016-06-02 23:12:33
4.047674418604652,-73.94954894309821,18.081395348837205,0.12883720930232556,2016-06-02 07:58:40
1.086666666666667,-73.9482152081918,6.1086956521739175,-1.8041124150158796e-16,2016-06-02 11:03:13
1.0381052631578944,-73.93474016691509,6.1584210526315815,-2.3592239273284576e-16,2016-06-02 20:24:11
2.1,-73.93577948676216,10.638888888888891,0.061555555555555426,2016-06-02 18:53:32
0.8772151898734175,-73.93471324292919,9.640886075949368,-1.9428902930940242e-16,2016-06-02 17:24:10
9.888888888888891,-73.91630384657118,41.22222222222222,1.3877787807814454e-17,2016-06-02 11:43:42
1.185316455696202,-73.93244866479802,7.3227848101265876,-1.9428902930940242e-16,2016-06-02 14:40:05
1.2201538461538457,-73.94417290320763,7.131692307692308,-1.6653345369377348e-16,2016-06-02 08:49:09
1.4588461538461537,-73.94036219670222,8.064102564102566,-1.9428902930940242e-16,2016-06-02 12:39:33
3.235625,-73.93207340240478,13.29375,0.277,2016-06-02 20:38:40
9.11125,-73.89608240127562,36.46875,2.7755575615628914e-17,2016-06-02 18:52:18
2.0926506024096385,-73.93404296507319,9.445783132530117,-2.0816681711721683e-16,2016-06-02 19:50:50
14.204,-73.88956680297852,49.5,1.1079999999999997,2016-06-02 17:44:17
6.8020000000000005,-73.95822143554688,24.379999999999995,2.7755575615628914e-17,2016-06-02 22:08:13
2.7743103448275863,-73.93270610940867,13.086206896551724,-1.3877787807814454e-16,2016-06-02 14:58:38
2.3422988505747124,-73.92729265936491,10.160919540229884,0.06367816091954018,2016-06-02 22:35:28
2.9058823529411764,-73.9152458041322,13.529411764705884,0.3258823529411763,2016-06-02 14:16:25
7.190624999999999,-73.94339036941528,25.59375,2.7755575615628914e-17,2016-06-02 00:16:44
3.968409090909091,-73.92765339938077,18.727272727272727,2.171363636363636,2016-06-02 15:41:41
4.229268292682927,-73.95132278814549,20.182926829268297,0.13512195121951215,2016-06-02 16:14:11
2.510344827586207,-73.93816559890222,9.517241379310349,0.1910344827586207,2016-06-02 05:40:31
0.8863157894736844,-73.92893098530017,5.796052631578955,-1.9428902930940242e-16,2016-06-02 16:04:59
11.15,-73.92546081542969,61.75,0.0,2016-06-02 15:12:43
25.2,-73.88932037353516,132.0,0.0,2016-06-02 15:18:48
0.838461538461539,-73.94605773534529,5.820512820512827,-1.9428902930940242e-16,2016-06-02 16:19:34
2.156,-73.91960906982422,12.1,0.0,2016-06-02 19:19:22
10.56,-73.87230682373048,30.5,5.54,2016-06-02 11:11:21
8.941600000000003,-73.94778289794922,33.24000000000001,0.8864000000000002,2016-06-02 12:49:30
5.279333333333334,-73.93979568481446,18.3,0.3693333333333332,2016-06-02 02:13:16
3.3003030303030307,-73.92268579656428,12.363636363636365,0.3357575757575757,2016-06-02 04:07:37
3.21,-73.90252685546875,14.5,0.0,2016-06-02 06:49:48
2.7379661016949157,-73.93926032114838,13.6271186440678,-1.52655665885959e-16,2016-06-02 16:28:06
1.2381111111111118,-73.9344361199273,6.716666666666673,-2.220446049250313e-16,2016-06-02 20:32:23
9.705714285714286,-73.94614846365792,42.92857142857143,1.5828571428571423,2016-06-02 08:43:59
1.8,-73.94533538818358,8.0,0.0,2016-06-02 03:42:49
4.036666666666667,-73.9085922241211,17.833333333333332,0.0,2016-06-02 12:52:34
1.1371428571428572,-73.93529776921349,6.650793650793653,-1.6653345369377348e-16,2016-06-02 12:01:51
4.387674418604651,-73.96093714514443,18.17441860465116,0.3865116279069765,2016-06-02 07:44:44
6.889000000000001,-73.94757868448893,25.40000000000001,0.1846666666666667,2016-06-02 21:39:44
3.7739999999999996,-73.94789581298828,14.4,0.0,2016-06-02 22:49:27
5.4408108108108095,-73.93817468591638,19.74324324324324,0.4118918918918917,2016-06-02 21:56:29
10.185,-73.89921951293945,45.25,0.0,2016-06-02 06:58:19
1.0638235294117646,-73.94030896355126,6.801470588235294,-1.8041124150158796e-16,2016-06-02 11:38:32
2.297741935483871,-73.92845559889271,10.588709677419358,0.08935483870967738,2016-06-02 11:19:25
1.6584615384615384,-73.92344450339293,7.48717948717949,-1.9428902930940242e-16,2016-06-02 00:12:02
4.329642857142857,-73.93691621507918,15.883928571428564,-1.3877787807814454e-16,2016-06-02 23:09:41
1.318426966292135,-73.93250660414107,7.707865168539331,-2.220446049250313e-16,2016-06-02 12:54:23
12.333,-73.87280578613282,35.06999999999999,0.5539999999999998,2016-06-02 05:12:23
7.4,-73.97371673583984,26.5,0.0,2016-06-02 07:22:44
4.361315789473684,-73.93166491859837,17.960526315789473,0.0,2016-06-02 13:38:31
8.565,-73.96330070495604,31.041666666666664,2.7755575615628914e-17,2016-06-02 07:08:49
5.1868750000000015,-73.91945934295654,22.109375,0.17312499999999992,2016-06-02 15:27:35
3.0215384615384613,-73.94240821586861,12.769230769230768,-2.220446049250313e-16,2016-06-02 20:53:32
1.3,-73.94726181030273,6.5,0.0,2016-06-02 22:30:07
1.4926785714285706,-73.92754316329956,7.343750000000003,-2.6367796834847473e-16,2016-06-02 23:27:19
8.08421052631579,-73.94043852153578,31.86842105263159,0.5831578947368418,2016-06-02 12:31:51
2.986949152542373,-73.94185431528898,15.720338983050844,-1.52655665885959e-16,2016-06-02 18:07:59
18.48,-73.93927764892578,76.5,0.0,2016-06-02 00:22:32
2.190606060606061,-73.94274590232155,10.613636363636367,0.0839393939393939,2016-06-02 09:52:33
5.8755172413793115,-73.95222025904162,21.48275862068965,0.1910344827586206,2016-06-02 07:11:57
1.8528767123287675,-73.9380136777277,10.246575342465754,-1.8041124150158796e-16,2016-06-02 16:59:37
4.1355813953488365,-73.92197116585666,16.058139534883722,-5.551115123125783e-17,2016-06-02 10:52:51
1.0059999999999996,-73.94197769165041,6.116666666666673,-1.52655665885959e-16,2016-06-02 08:05:06
8.495384615384616,-73.92510340763971,35.153846153846146,0.426153846153846,2016-06-02 16:09:36
9.632777777777775,-73.92801581488715,36.41666666666667,1.3466666666666665,2016-06-02 18:11:34
0.9444,-73.92647491455078,5.8400000000000025,0.05079999999999992,2016-06-02 13:12:37
4.18047619047619,-73.93834704444522,15.000000000000002,0.3957142857142856,2016-06-02 06:39:51
3.881428571428572,-73.94084167480469,13.685714285714289,0.1582857142857143,2016-06-02 01:26:13
1.1608,-73.92379180908203,7.551600000000002,2.7755575615628914e-17,2016-06-02 02:29:04
